Year,Month,Abs_Temp
1850,1,11.426
1850,2,12.209999999999999
1850,3,12.678
1850,4,13.362
1850,5,14.289
1850,6,15.282
1850,7,15.735
1850,8,15.574
1850,9,14.743
1850,10,13.642
1850,11,12.643
1850,12,11.961
1851,1,12.018
1851,2,12.004999999999999
1851,3,12.489
1851,4,13.335
1851,5,14.599
1851,6,15.38
1851,7,15.69
1851,8,15.426
1851,9,14.767
1851,10,14.089
1851,11,12.839
1851,12,12.308
1852,1,11.945
1852,2,11.905
1852,3,12.309000000000001
1852,4,13.432
1852,5,14.76
1852,6,15.526
1852,7,15.87
1852,8,15.387
1852,9,14.862
1852,10,14.072
1852,11,12.68
1852,12,12.536
1853,1,11.832
1853,2,12.083
1853,3,12.646
1853,4,13.690000000000001
1853,5,14.652
1853,6,15.456
1853,7,15.943
1853,8,15.685
1853,9,14.763
1853,10,13.761
1853,11,12.56
1853,12,12.120000000000001
1854,1,11.631
1854,2,11.818
1854,3,12.756
1854,4,13.551
1854,5,14.629999999999999
1854,6,15.159
1854,7,15.73
1854,8,15.549
1854,9,14.917
1854,10,14.356
1854,11,12.989
1854,12,12.252
1855,1,12.141
1855,2,12.298
1855,3,12.774000000000001
1855,4,13.871
1855,5,14.695
1855,6,15.294
1855,7,15.536999999999999
1855,8,15.494
1855,9,14.692
1855,10,13.931
1855,11,12.824
1855,12,11.903
1856,1,12.199000000000002
1856,2,12.014
1856,3,12.632
1856,4,13.548
1856,5,14.578
1856,6,15.506
1856,7,15.627
1856,8,15.227
1856,9,14.452
1856,10,13.555
1856,11,12.638
1856,12,12.017000000000001
1857,1,11.657
1857,2,11.843
1857,3,12.42
1857,4,13.149000000000001
1857,5,14.177999999999999
1857,6,15.099
1857,7,15.443
1857,8,15.285
1857,9,14.633
1857,10,13.698
1857,11,12.701
1857,12,12.208
1858,1,11.941
1858,2,11.903
1858,3,12.723
1858,4,13.668000000000001
1858,5,14.501
1858,6,15.369
1858,7,15.591
1858,8,15.421
1858,9,14.682
1858,10,13.953
1858,11,13.031
1858,12,11.943
1859,1,11.799000000000001
1859,2,12.097
1859,3,12.780000000000001
1859,4,13.966000000000001
1859,5,14.924999999999999
1859,6,15.51
1859,7,15.591
1859,8,15.383
1859,9,14.644
1859,10,13.983
1859,11,13.015
1859,12,12.349
1860,1,11.833
1860,2,12.084
1860,3,12.33
1860,4,13.67
1860,5,14.696
1860,6,15.422
1860,7,15.64
1860,8,15.523
1860,9,14.869
1860,10,13.88
1860,11,12.681000000000001
1860,12,11.578000000000001
1861,1,11.153
1861,2,11.74
1861,3,12.449
1861,4,13.518
1861,5,14.45
1861,6,15.248000000000001
1861,7,15.587
1861,8,15.536
1861,9,14.758
1861,10,13.761
1861,11,13.0
1861,12,12.09
1862,1,11.257000000000001
1862,2,11.642999999999999
1862,3,12.522
1862,4,13.419
1862,5,14.620999999999999
1862,6,15.308
1862,7,15.566
1862,8,15.239
1862,9,14.618
1862,10,13.766
1862,11,12.655000000000001
1862,12,11.569
1863,1,12.05
1863,2,12.112
1863,3,12.698
1863,4,13.695
1863,5,14.686
1863,6,15.283000000000001
1863,7,15.536999999999999
1863,8,15.354
1863,9,14.657
1863,10,13.766
1863,11,12.863
1863,12,12.054
1864,1,11.618
1864,2,12.017999999999999
1864,3,12.667
1864,4,13.569
1864,5,14.783
1864,6,15.558
1864,7,15.748
1864,8,15.426
1864,9,14.686
1864,10,13.911
1864,11,12.846
1864,12,12.024000000000001
1865,1,12.293000000000001
1865,2,12.136
1865,3,12.643
1865,4,13.595
1865,5,14.658999999999999
1865,6,15.394
1865,7,15.757
1865,8,15.525
1865,9,14.965
1865,10,14.052
1865,11,13.053
1865,12,11.993
1866,1,12.217
1866,2,12.059
1866,3,12.602
1866,4,13.457
1866,5,14.572
1866,6,15.389000000000001
1866,7,16.035
1866,8,15.532
1866,9,14.866
1866,10,13.991
1866,11,13.175
1866,12,12.554
1867,1,12.043000000000001
1867,2,12.094
1867,3,12.766
1867,4,13.837
1867,5,14.527999999999999
1867,6,15.435
1867,7,15.73
1867,8,15.484
1867,9,15.029
1867,10,14.259
1867,11,13.472000000000001
1867,12,12.317
1868,1,11.697000000000001
1868,2,11.765
1868,3,12.762
1868,4,13.874
1868,5,14.833
1868,6,15.542
1868,7,15.968
1868,8,15.684
1868,9,14.908
1868,10,14.235
1868,11,12.891
1868,12,12.321
1869,1,11.984
1869,2,12.360999999999999
1869,3,12.627
1869,4,13.713000000000001
1869,5,14.748999999999999
1869,6,15.441
1869,7,15.674
1869,8,15.554
1869,9,15.084
1869,10,14.026
1869,11,13.031
1869,12,12.06
1870,1,11.898000000000001
1870,2,11.947
1870,3,12.716000000000001
1870,4,13.705
1870,5,14.76
1870,6,15.535
1870,7,15.812
1870,8,15.459
1870,9,14.969
1870,10,13.915
1870,11,12.904
1870,12,11.904
1871,1,11.671000000000001
1871,2,11.855
1871,3,12.799000000000001
1871,4,13.914
1871,5,14.644
1871,6,15.42
1871,7,15.759
1871,8,15.553
1871,9,14.774
1871,10,14.001
1871,11,12.702
1871,12,12.095
1872,1,11.765
1872,2,12.035
1872,3,12.703000000000001
1872,4,13.617
1872,5,14.747
1872,6,15.371
1872,7,15.794
1872,8,15.702
1872,9,14.981
1872,10,14.046
1872,11,12.805
1872,12,11.99
1873,1,11.889000000000001
1873,2,12.339
1873,3,12.778
1873,4,13.519
1873,5,14.66
1873,6,15.436
1873,7,15.741
1873,8,15.595
1873,9,14.795
1873,10,14.004
1873,11,12.891
1873,12,12.257
1874,1,11.986
1874,2,12.157
1874,3,12.426
1874,4,13.603
1874,5,14.725
1874,6,15.298
1874,7,15.647
1874,8,15.568
1874,9,15.004
1874,10,13.929
1874,11,12.812000000000001
1874,12,12.17
1875,1,11.745000000000001
1875,2,12.065999999999999
1875,3,12.596
1875,4,13.587
1875,5,14.647
1875,6,15.357000000000001
1875,7,15.695
1875,8,15.49
1875,9,14.895999999999999
1875,10,14.066
1875,11,12.67
1875,12,12.018
1876,1,11.826
1876,2,12.157
1876,3,12.766
1876,4,13.701
1876,5,14.411999999999999
1876,6,15.308
1876,7,15.743
1876,8,15.429
1876,9,14.811
1876,10,13.981
1876,11,12.751000000000001
1876,12,11.9
1877,1,11.946000000000002
1877,2,12.337
1877,3,13.110000000000001
1877,4,13.857000000000001
1877,5,14.866
1877,6,15.571
1877,7,16.033
1877,8,15.958
1877,9,15.321
1877,10,14.427
1877,11,13.436
1877,12,12.391
1878,1,12.192
1878,2,12.834
1878,3,13.619
1878,4,14.274000000000001
1878,5,14.866999999999999
1878,6,15.735000000000001
1878,7,16.036
1878,8,15.812
1878,9,15.147
1878,10,14.192
1878,11,13.249
1878,12,12.364
1879,1,12.103000000000002
1879,2,12.206
1879,3,12.982000000000001
1879,4,13.678
1879,5,14.673
1879,6,15.439
1879,7,15.697
1879,8,15.488
1879,9,14.850999999999999
1879,10,14.148
1879,11,12.943
1879,12,11.986
1880,1,11.815000000000001
1880,2,11.911999999999999
1880,3,12.769
1880,4,13.627
1880,5,14.703999999999999
1880,6,15.332
1880,7,15.641
1880,8,15.547
1880,9,14.780999999999999
1880,10,13.924
1880,11,13.049000000000001
1880,12,12.242
1881,1,12.116000000000001
1881,2,12.237
1881,3,12.986
1881,4,13.969000000000001
1881,5,14.868
1881,6,15.296000000000001
1881,7,15.763
1881,8,15.607
1881,9,14.87
1881,10,13.994
1881,11,12.843
1881,12,12.259
1882,1,12.290000000000001
1882,2,12.433
1882,3,12.943
1882,4,13.695
1882,5,14.684
1882,6,15.301
1882,7,15.564
1882,8,15.556
1882,9,14.972
1882,10,13.886
1882,11,12.815000000000001
1882,12,11.877
1883,1,11.799000000000001
1883,2,12.004
1883,3,12.956000000000001
1883,4,13.647
1883,5,14.703999999999999
1883,6,15.518
1883,7,15.65
1883,8,15.398
1883,9,14.818999999999999
1883,10,13.995
1883,11,12.731
1883,12,12.204
1884,1,11.958
1884,2,12.232
1884,3,12.543000000000001
1884,4,13.425
1884,5,14.35
1884,6,15.132
1884,7,15.363
1884,8,15.271
1884,9,14.638
1884,10,13.771
1884,11,12.627
1884,12,12.031
1885,1,11.530000000000001
1885,2,11.95
1885,3,12.679
1885,4,13.461
1885,5,14.398
1885,6,15.069
1885,7,15.563
1885,8,15.313
1885,9,14.76
1885,10,13.949
1885,11,12.818
1885,12,12.304
1886,1,11.557
1886,2,11.78
1886,3,12.517000000000001
1886,4,13.577
1886,5,14.613
1886,6,15.172
1886,7,15.63
1886,8,15.304
1886,9,14.68
1886,10,13.784
1886,11,12.657
1886,12,12.09
1887,1,11.257000000000001
1887,2,11.714
1887,3,12.577
1887,4,13.597000000000001
1887,5,14.469
1887,6,15.151
1887,7,15.557
1887,8,15.193999999999999
1887,9,14.77
1887,10,13.813
1887,11,12.791
1887,12,12.041
1888,1,11.834000000000001
1888,2,11.899
1888,3,12.6
1888,4,13.593
1888,5,14.584999999999999
1888,6,15.322000000000001
1888,7,15.671
1888,8,15.472
1888,9,14.878
1888,10,14.167
1888,11,13.07
1888,12,12.368
1889,1,12.086
1889,2,12.67
1889,3,13.108
1889,4,14.045
1889,5,14.792
1889,6,15.456
1889,7,15.758
1889,8,15.46
1889,9,14.826
1889,10,13.961
1889,11,12.743
1889,12,12.148
1890,1,11.759
1890,2,11.999
1890,3,12.495000000000001
1890,4,13.576
1890,5,14.453999999999999
1890,6,15.18
1890,7,15.482
1890,8,15.274000000000001
1890,9,14.708
1890,10,13.955
1890,11,12.562000000000001
1890,12,12.107000000000001
1891,1,11.717
1891,2,11.826
1891,3,12.824
1891,4,13.608
1891,5,14.673
1891,6,15.285
1891,7,15.568999999999999
1891,8,15.444
1891,9,14.907
1891,10,13.912
1891,11,12.738
1891,12,12.379
1892,1,11.941
1892,2,12.253
1892,3,12.613000000000001
1892,4,13.5
1892,5,14.545
1892,6,15.364
1892,7,15.456
1892,8,15.314
1892,9,14.778
1892,10,13.995
1892,11,12.487
1892,12,11.984
1893,1,11.316
1893,2,11.818
1893,3,12.769
1893,4,13.631
1893,5,14.556
1893,6,15.356
1893,7,15.754
1893,8,15.488
1893,9,14.834999999999999
1893,10,14.039
1893,11,12.901
1893,12,12.097000000000001
1894,1,11.681000000000001
1894,2,12.0
1894,3,12.739
1894,4,13.472000000000001
1894,5,14.552
1894,6,15.193
1894,7,15.64
1894,8,15.473
1894,9,14.834999999999999
1894,10,14.033
1894,11,12.823
1894,12,12.157
1895,1,11.741000000000001
1895,2,11.969
1895,3,12.634
1895,4,13.698
1895,5,14.626
1895,6,15.368
1895,7,15.697
1895,8,15.448
1895,9,14.847
1895,10,14.026
1895,11,13.027000000000001
1895,12,12.279
1896,1,11.986
1896,2,12.155999999999999
1896,3,12.601
1896,4,13.544
1896,5,14.674999999999999
1896,6,15.516
1896,7,15.814
1896,8,15.634
1896,9,15.001999999999999
1896,10,14.219
1896,11,12.952
1896,12,12.377
1897,1,12.046000000000001
1897,2,12.152
1897,3,12.759
1897,4,13.917
1897,5,14.934
1897,6,15.488
1897,7,15.728
1897,8,15.544
1897,9,14.932
1897,10,14.056
1897,11,12.904
1897,12,12.222000000000001
1898,1,12.059000000000001
1898,2,11.937999999999999
1898,3,12.436
1898,4,13.584
1898,5,14.556999999999999
1898,6,15.427
1898,7,15.577
1898,8,15.381
1898,9,14.780999999999999
1898,10,13.772
1898,11,12.676
1898,12,12.07
1899,1,11.983
1899,2,11.940999999999999
1899,3,12.626000000000001
1899,4,13.77
1899,5,14.735
1899,6,15.284
1899,7,15.649
1899,8,15.582
1899,9,15.062999999999999
1899,10,14.169
1899,11,13.247
1899,12,12.208
1900,1,11.781
1900,2,12.427
1900,3,13.087
1900,4,13.855
1900,5,14.869
1900,6,15.501000000000001
1900,7,15.743
1900,8,15.574
1900,9,15.036999999999999
1900,10,14.292
1900,11,13.018
1900,12,12.35
1901,1,11.927000000000001
1901,2,12.334999999999999
1901,3,13.029
1901,4,13.939
1901,5,14.777
1901,6,15.428
1901,7,15.663
1901,8,15.56
1901,9,14.9
1901,10,13.964
1901,11,12.927
1901,12,12.223
1902,1,11.925
1902,2,12.363
1902,3,12.664
1902,4,13.648
1902,5,14.556999999999999
1902,6,15.302
1902,7,15.611
1902,8,15.404
1902,9,14.812
1902,10,13.835
1902,11,12.677
1902,12,11.973
1903,1,11.954
1903,2,12.273
1903,3,12.757
1903,4,13.486
1903,5,14.481
1903,6,15.107000000000001
1903,7,15.465
1903,8,15.193999999999999
1903,9,14.568999999999999
1903,10,13.696
1903,11,12.675
1903,12,11.954
1904,1,11.545000000000002
1904,2,11.773
1904,3,12.554
1904,4,13.433
1904,5,14.397
1904,6,15.146
1904,7,15.389
1904,8,15.244
1904,9,14.576
1904,10,13.765
1904,11,12.954
1904,12,12.143
1905,1,11.873000000000001
1905,2,11.812
1905,3,12.737
1905,4,13.603
1905,5,14.651
1905,6,15.327
1905,7,15.562
1905,8,15.474
1905,9,14.841
1905,10,13.946
1905,11,13.056000000000001
1905,12,12.214
1906,1,11.874
1906,2,12.11
1906,3,12.931000000000001
1906,4,13.947000000000001
1906,5,14.655999999999999
1906,6,15.403
1906,7,15.595
1906,8,15.477
1906,9,14.849
1906,10,14.079
1906,11,12.835
1906,12,12.311
1907,1,11.797
1907,2,11.868
1907,3,12.766
1907,4,13.627
1907,5,14.427999999999999
1907,6,15.174
1907,7,15.51
1907,8,15.323
1907,9,14.770999999999999
1907,10,14.02
1907,11,12.683
1907,12,12.014000000000001
1908,1,11.763000000000002
1908,2,12.157
1908,3,12.453000000000001
1908,4,13.489
1908,5,14.645
1908,6,15.328000000000001
1908,7,15.565
1908,8,15.266
1908,9,14.814
1908,10,13.776
1908,11,12.566
1908,12,11.914
1909,1,11.440000000000001
1909,2,11.937
1909,3,12.477
1909,4,13.423
1909,5,14.431999999999999
1909,6,15.169
1909,7,15.41
1909,8,15.406
1909,9,14.704
1909,10,13.805
1909,11,12.821
1909,12,11.993
1910,1,11.825000000000001
1910,2,11.959
1910,3,12.517000000000001
1910,4,13.538
1910,5,14.59
1910,6,15.242
1910,7,15.508
1910,8,15.352
1910,9,14.75
1910,10,13.863
1910,11,12.611
1910,12,11.747
1911,1,11.524000000000001
1911,2,11.782
1911,3,12.432
1911,4,13.48
1911,5,14.421999999999999
1911,6,15.164
1911,7,15.449
1911,8,15.297
1911,9,14.698
1911,10,14.003
1911,11,12.923
1911,12,12.212
1912,1,11.999
1912,2,12.235
1912,3,12.623000000000001
1912,4,13.818
1912,5,14.695
1912,6,15.441
1912,7,15.429
1912,8,15.179
1912,9,14.516
1912,10,13.617
1912,11,12.745000000000001
1912,12,11.977
1913,1,11.674000000000001
1913,2,11.940999999999999
1913,3,12.613000000000001
1913,4,13.634
1913,5,14.53
1913,6,15.181000000000001
1913,7,15.502
1913,8,15.401
1913,9,14.763
1913,10,13.906
1913,11,12.937000000000001
1913,12,12.488
1914,1,12.217
1914,2,12.196
1914,3,12.726
1914,4,13.668000000000001
1914,5,14.731
1914,6,15.43
1914,7,15.636
1914,8,15.552
1914,9,14.919
1914,10,14.235
1914,11,13.052
1914,12,12.449
1915,1,11.974
1915,2,12.304
1915,3,13.037
1915,4,14.064
1915,5,14.965
1915,6,15.467
1915,7,15.725999999999999
1915,8,15.64
1915,9,14.972999999999999
1915,10,13.969
1915,11,13.109
1915,12,12.219000000000001
1916,1,12.044
1916,2,12.262
1916,3,12.778
1916,4,13.656
1916,5,14.625
1916,6,15.285
1916,7,15.584999999999999
1916,8,15.398
1916,9,14.783
1916,10,13.87
1916,11,12.714
1916,12,11.681000000000001
1917,1,11.543000000000001
1917,2,11.766
1917,3,12.373000000000001
1917,4,13.46
1917,5,14.383
1917,6,15.173
1917,7,15.643
1917,8,15.443
1917,9,14.818999999999999
1917,10,13.753
1917,11,12.755
1917,12,11.746
1918,1,11.686
1918,2,11.915
1918,3,12.632
1918,4,13.466000000000001
1918,5,14.472
1918,6,15.284
1918,7,15.566
1918,8,15.358
1918,9,14.971
1918,10,14.221
1918,11,13.032
1918,12,12.194
1919,1,12.007000000000001
1919,2,12.203999999999999
1919,3,12.783000000000001
1919,4,13.875
1919,5,14.713999999999999
1919,6,15.329
1919,7,15.604
1919,8,15.47
1919,9,14.829
1919,10,13.972
1919,11,12.675
1919,12,12.074
1920,1,12.039000000000001
1920,2,12.100999999999999
1920,3,12.959
1920,4,13.804
1920,5,14.706999999999999
1920,6,15.404
1920,7,15.667
1920,8,15.515
1920,9,14.974
1920,10,14.113
1920,11,12.954
1920,12,11.997
1921,1,12.086
1921,2,12.232
1921,3,12.762
1921,4,13.705
1921,5,14.635
1921,6,15.506
1921,7,15.779
1921,8,15.475
1921,9,15.02
1921,10,14.216
1921,11,13.105
1921,12,12.364
1922,1,11.940000000000001
1922,2,12.033
1922,3,12.923
1922,4,13.863
1922,5,14.578999999999999
1922,6,15.392
1922,7,15.705
1922,8,15.39
1922,9,14.81
1922,10,13.909
1922,11,12.99
1922,12,12.319
1923,1,11.912
1923,2,12.033999999999999
1923,3,12.681000000000001
1923,4,13.698
1923,5,14.66
1923,6,15.438
1923,7,15.555
1923,8,15.434
1923,9,14.84
1923,10,14.226
1923,11,13.271
1923,12,12.499
1924,1,11.955
1924,2,12.193
1924,3,13.005
1924,4,13.72
1924,5,14.793
1924,6,15.426
1924,7,15.672
1924,8,15.446
1924,9,14.854
1924,10,13.937
1924,11,13.02
1924,12,12.131
1925,1,11.792000000000002
1925,2,11.974
1925,3,12.794
1925,4,13.741
1925,5,14.780999999999999
1925,6,15.394
1925,7,15.646
1925,8,15.601
1925,9,14.977
1925,10,14.118
1925,11,13.217
1925,12,12.65
1926,1,12.441
1926,2,12.422
1926,3,13.187000000000001
1926,4,13.903
1926,5,14.754
1926,6,15.464
1926,7,15.701
1926,8,15.647
1926,9,15.083
1926,10,14.287
1926,11,13.193
1926,12,12.269
1927,1,11.977
1927,2,12.27
1927,3,12.688
1927,4,13.749
1927,5,14.777
1927,6,15.403
1927,7,15.73
1927,8,15.59
1927,9,15.077
1927,10,14.334
1927,11,13.181000000000001
1927,12,12.233
1928,1,12.333
1928,2,12.421
1928,3,12.843
1928,4,13.796000000000001
1928,5,14.66
1928,6,15.292
1928,7,15.735
1928,8,15.533
1928,9,14.93
1928,10,14.122
1928,11,13.110000000000001
1928,12,12.342
1929,1,11.814
1929,2,11.914
1929,3,12.665000000000001
1929,4,13.614
1929,5,14.525
1929,6,15.237
1929,7,15.503
1929,8,15.473
1929,9,14.927
1929,10,14.138
1929,11,13.1
1929,12,12.0
1930,1,12.0
1930,2,12.167
1930,3,12.957
1930,4,13.795
1930,5,14.741
1930,6,15.456
1930,7,15.788
1930,8,15.645
1930,9,15.062
1930,10,14.202
1930,11,13.366
1930,12,12.476
1931,1,12.132000000000001
1931,2,12.219999999999999
1931,3,12.99
1931,4,13.829
1931,5,14.763
1931,6,15.605
1931,7,15.919
1931,8,15.752
1931,9,15.137
1931,10,14.344
1931,11,13.202
1931,12,12.491
1932,1,12.332
1932,2,12.27
1932,3,12.967
1932,4,14.039
1932,5,14.891
1932,6,15.445
1932,7,15.76
1932,8,15.559
1932,9,15.185
1932,10,14.225
1932,11,12.937000000000001
1932,12,12.316
1933,1,11.976
1933,2,12.168
1933,3,12.753
1933,4,13.72
1933,5,14.652
1933,6,15.278
1933,7,15.647
1933,8,15.553
1933,9,14.839
1933,10,14.031
1933,11,12.871
1933,12,12.078000000000001
1934,1,11.971
1934,2,12.356
1934,3,12.690000000000001
1934,4,13.657
1934,5,14.806
1934,6,15.497
1934,7,15.783
1934,8,15.62
1934,9,15.004999999999999
1934,10,14.221
1934,11,13.294
1934,12,12.455
1935,1,11.859000000000002
1935,2,12.513
1935,3,12.903
1935,4,13.679
1935,5,14.618
1935,6,15.437000000000001
1935,7,15.725999999999999
1935,8,15.541
1935,9,14.955
1935,10,14.224
1935,11,12.852
1935,12,12.305
1936,1,11.937000000000001
1936,2,12.116999999999999
1936,3,12.752
1936,4,13.806000000000001
1936,5,14.780999999999999
1936,6,15.501000000000001
1936,7,15.852
1936,8,15.642
1936,9,15.059
1936,10,14.303
1936,11,13.17
1936,12,12.52
1937,1,12.159
1937,2,12.513
1937,3,12.915000000000001
1937,4,13.894
1937,5,14.908999999999999
1937,6,15.672
1937,7,15.946
1937,8,15.801
1937,9,15.309
1937,10,14.41
1937,11,13.32
1937,12,12.467
1938,1,12.303
1938,2,12.509
1938,3,13.14
1938,4,14.041
1938,5,14.85
1938,6,15.525
1938,7,15.856
1938,8,15.735
1938,9,15.23
1938,10,14.475
1938,11,13.306000000000001
1938,12,12.378
1939,1,12.181000000000001
1939,2,12.347
1939,3,12.853
1939,4,13.973
1939,5,15.023
1939,6,15.675
1939,7,15.882
1939,8,15.72
1939,9,15.145
1939,10,14.184
1939,11,13.177
1939,12,12.912
1940,1,12.284
1940,2,12.549
1940,3,13.137
1940,4,14.112
1940,5,14.988
1940,6,15.677
1940,7,16.049
1940,8,15.82
1940,9,15.263
1940,10,14.31
1940,11,13.185
1940,12,12.705
1941,1,12.211
1941,2,12.568999999999999
1941,3,13.001000000000001
1941,4,13.959
1941,5,14.962
1941,6,15.705
1941,7,16.048
1941,8,15.742
1941,9,14.981
1941,10,14.475
1941,11,13.212
1941,12,12.681000000000001
1942,1,12.56
1942,2,12.446
1942,3,13.138
1942,4,13.993
1942,5,15.02
1942,6,15.691
1942,7,15.897
1942,8,15.682
1942,9,15.110999999999999
1942,10,14.272
1942,11,13.244
1942,12,12.589
1943,1,12.172
1943,2,12.561
1943,3,13.015
1943,4,14.111
1943,5,15.029
1943,6,15.622
1943,7,16.0
1943,8,15.848
1943,9,15.197
1943,10,14.571
1943,11,13.406
1943,12,12.751000000000001
1944,1,12.603000000000002
1944,2,12.681
1944,3,13.323
1944,4,14.159
1944,5,15.110999999999999
1944,6,15.755
1944,7,16.082
1944,8,15.967
1944,9,15.366
1944,10,14.536
1944,11,13.307
1944,12,12.613
1945,1,12.315000000000001
1945,2,12.413
1945,3,13.147
1945,4,14.192
1945,5,14.953999999999999
1945,6,15.657
1945,7,15.915
1945,8,15.98
1945,9,15.281
1945,10,14.469
1945,11,13.238
1945,12,12.419
1946,1,12.268
1946,2,12.382
1946,3,13.085
1946,4,14.052
1946,5,14.878
1946,6,15.450000000000001
1946,7,15.846
1946,8,15.585
1946,9,15.049
1946,10,14.234
1946,11,13.159
1946,12,12.228
1947,1,12.216000000000001
1947,2,12.455
1947,3,13.179
1947,4,14.054
1947,5,14.884
1947,6,15.596
1947,7,15.877
1947,8,15.635
1947,9,15.065999999999999
1947,10,14.37
1947,11,13.3
1947,12,12.42
1948,1,12.297
1948,2,12.266
1948,3,12.839
1948,4,13.886000000000001
1948,5,14.988999999999999
1948,6,15.68
1948,7,15.814
1948,8,15.693
1948,9,15.023
1948,10,14.215
1948,11,13.033000000000001
1948,12,12.184000000000001
1949,1,12.299000000000001
1949,2,12.235999999999999
1949,3,12.976
1949,4,13.879
1949,5,14.859
1949,6,15.41
1949,7,15.752
1949,8,15.645
1949,9,15.013
1949,10,14.227
1949,11,13.104000000000001
1949,12,12.42
1950,1,11.992
1950,2,12.100999999999999
1950,3,12.942
1950,4,13.776
1950,5,14.873
1950,6,15.632
1950,7,15.897
1950,8,15.574
1950,9,14.983
1950,10,14.081
1950,11,12.891
1950,12,12.297
1951,1,11.877
1951,2,12.02
1951,3,12.913
1951,4,13.955
1951,5,15.099
1951,6,15.789
1951,7,15.963
1951,8,15.937
1951,9,15.276
1951,10,14.46
1951,11,13.234
1951,12,12.681000000000001
1952,1,12.404000000000002
1952,2,12.588
1952,3,12.989
1952,4,14.073
1952,5,15.006
1952,6,15.749
1952,7,16.044
1952,8,15.867
1952,9,15.301
1952,10,14.321
1952,11,13.141
1952,12,12.567
1953,1,12.31
1953,2,12.625
1953,3,13.162
1953,4,14.292
1953,5,15.196
1953,6,15.905000000000001
1953,7,16.054
1953,8,15.9
1953,9,15.298
1953,10,14.376
1953,11,13.225
1953,12,12.621
1954,1,12.003
1954,2,12.366999999999999
1954,3,12.965
1954,4,13.976
1954,5,14.914
1954,6,15.611
1954,7,15.812
1954,8,15.679
1954,9,15.103
1954,10,14.345
1954,11,13.392000000000001
1954,12,12.414
1955,1,12.425
1955,2,12.298
1955,3,12.790000000000001
1955,4,13.841000000000001
1955,5,14.76
1955,6,15.601
1955,7,15.822
1955,8,15.885
1955,9,15.017
1955,10,14.26
1955,11,12.99
1955,12,12.249
1956,1,12.139000000000001
1956,2,12.275
1956,3,12.834
1956,4,13.752
1956,5,14.679
1956,6,15.52
1956,7,15.822
1956,8,15.455
1956,9,14.959
1956,10,13.973
1956,11,13.057
1956,12,12.476
1957,1,12.094000000000001
1957,2,12.391
1957,3,12.963000000000001
1957,4,14.023
1957,5,15.074
1957,6,15.847
1957,7,15.901
1957,8,15.901
1957,9,15.263
1957,10,14.348
1957,11,13.288
1957,12,12.628
1958,1,12.573
1958,2,12.621
1958,3,13.164
1958,4,14.001000000000001
1958,5,15.011999999999999
1958,6,15.587
1958,7,15.911
1958,8,15.685
1958,9,15.065999999999999
1958,10,14.297
1958,11,13.286
1958,12,12.571
1959,1,12.326
1959,2,12.472
1959,3,13.191
1959,4,14.167
1959,5,15.038
1959,6,15.737
1959,7,15.952
1959,8,15.752
1959,9,15.073
1959,10,14.236
1959,11,13.098
1959,12,12.505
1960,1,12.211
1960,2,12.542
1960,3,12.719000000000001
1960,4,13.83
1960,5,14.878
1960,6,15.643
1960,7,15.875
1960,8,15.838
1960,9,15.244
1960,10,14.318
1960,11,13.066
1960,12,12.704
1961,1,12.272
1961,2,12.603
1961,3,13.087
1961,4,14.127
1961,5,15.11
1961,6,15.779
1961,7,15.943999999999999
1961,8,15.77
1961,9,15.232
1961,10,14.212
1961,11,13.25
1961,12,12.362
1962,1,12.276000000000002
1962,2,12.546
1962,3,13.174000000000001
1962,4,14.024000000000001
1962,5,14.825
1962,6,15.665000000000001
1962,7,15.855
1962,8,15.691
1962,9,15.09
1962,10,14.218
1962,11,13.241
1962,12,12.491
1963,1,12.202000000000002
1963,2,12.544
1963,3,12.829
1963,4,13.905000000000001
1963,5,14.846
1963,6,15.628
1963,7,15.994
1963,8,16.009
1963,9,15.359
1963,10,14.388
1963,11,13.342
1963,12,12.523
1964,1,12.14
1964,2,12.311
1964,3,12.758000000000001
1964,4,13.635
1964,5,14.657
1964,6,15.611
1964,7,15.829
1964,8,15.472
1964,9,14.84
1964,10,13.97
1964,11,12.98
1964,12,12.249
1965,1,12.185
1965,2,12.264
1965,3,12.873000000000001
1965,4,13.785
1965,5,14.857
1965,6,15.558
1965,7,15.771
1965,8,15.693
1965,9,14.982
1965,10,14.242
1965,11,13.167
1965,12,12.481
1966,1,12.061000000000002
1966,2,12.395999999999999
1966,3,12.998000000000001
1966,4,13.954
1966,5,14.841
1966,6,15.656
1966,7,16.023
1966,8,15.714
1966,9,15.183
1966,10,14.1
1966,11,13.207
1966,12,12.478
1967,1,12.129000000000001
1967,2,12.203
1967,3,13.099
1967,4,13.983
1967,5,15.148
1967,6,15.651
1967,7,15.951
1967,8,15.755
1967,9,15.142999999999999
1967,10,14.306
1967,11,13.135
1967,12,12.464
1968,1,12.019
1968,2,12.283
1968,3,13.172
1968,4,13.929
1968,5,14.821
1968,6,15.587
1968,7,15.747
1968,8,15.641
1968,9,14.952
1968,10,14.342
1968,11,13.162
1968,12,12.432
1969,1,12.185
1969,2,12.325
1969,3,13.027000000000001
1969,4,14.15
1969,5,15.171999999999999
1969,6,15.771
1969,7,15.842
1969,8,15.761
1969,9,15.218
1969,10,14.335
1969,11,13.315000000000001
1969,12,12.772
1970,1,12.363000000000001
1970,2,12.604
1970,3,13.074
1970,4,14.034
1970,5,14.937
1970,6,15.614
1970,7,15.904
1970,8,15.652
1970,9,15.265
1970,10,14.26
1970,11,13.17
1970,12,12.377
1971,1,12.162
1971,2,12.233
1971,3,12.82
1971,4,13.899000000000001
1971,5,14.870999999999999
1971,6,15.530000000000001
1971,7,15.825
1971,8,15.679
1971,9,15.136
1971,10,14.198
1971,11,13.144
1971,12,12.366
1972,1,11.96
1972,2,12.231
1972,3,13.047
1972,4,13.99
1972,5,14.998
1972,6,15.701
1972,7,15.899
1972,8,15.931
1972,9,15.202
1972,10,14.269
1972,11,13.23
1972,12,12.717
1973,1,12.461
1973,2,12.7
1973,3,13.243
1973,4,14.277000000000001
1973,5,15.203999999999999
1973,6,15.838000000000001
1973,7,15.986
1973,8,15.8
1973,9,15.206999999999999
1973,10,14.328
1973,11,13.244
1973,12,12.48
1974,1,12.055000000000001
1974,2,12.129999999999999
1974,3,12.927
1974,4,13.91
1974,5,14.914
1974,6,15.651
1974,7,15.873
1974,8,15.924
1974,9,15.129
1974,10,14.206
1974,11,13.152000000000001
1974,12,12.402000000000001
1975,1,12.267000000000001
1975,2,12.562
1975,3,13.189
1975,4,14.08
1975,5,15.152999999999999
1975,6,15.69
1975,7,15.878
1975,8,15.559
1975,9,15.141
1975,10,14.177
1975,11,13.01
1975,12,12.379
1976,1,12.193000000000001
1976,2,12.339
1976,3,12.818000000000001
1976,4,13.905000000000001
1976,5,14.687
1976,6,15.482000000000001
1976,7,15.876
1976,8,15.612
1976,9,15.147
1976,10,14.059
1976,11,13.196
1976,12,12.651
1977,1,12.539000000000001
1977,2,12.68
1977,3,13.25
1977,4,14.285
1977,5,15.331999999999999
1977,6,16.011
1977,7,16.159
1977,8,16.044
1977,9,15.264
1977,10,14.369
1977,11,13.417
1977,12,12.568
1978,1,12.359
1978,2,12.632
1978,3,13.247
1978,4,14.197000000000001
1978,5,15.123999999999999
1978,6,15.689
1978,7,16.019
1978,8,15.581
1978,9,15.298
1978,10,14.264
1978,11,13.381
1978,12,12.629
1979,1,12.415000000000001
1979,2,12.373
1979,3,13.24
1979,4,14.216000000000001
1979,5,15.017
1979,6,15.758000000000001
1979,7,15.969
1979,8,15.928
1979,9,15.461
1979,10,14.497
1979,11,13.501000000000001
1979,12,12.991
1980,1,12.609000000000002
1980,2,12.908
1980,3,13.425
1980,4,14.409
1980,5,15.373
1980,6,15.899000000000001
1980,7,16.283
1980,8,16.062
1980,9,15.389
1980,10,14.438
1980,11,13.511000000000001
1980,12,12.73
1981,1,12.812000000000001
1981,2,12.860999999999999
1981,3,13.508000000000001
1981,4,14.301
1981,5,15.222
1981,6,16.034
1981,7,16.308
1981,8,16.171
1981,9,15.406
1981,10,14.391
1981,11,13.43
1981,12,12.989
1982,1,12.355
1982,2,12.591
1982,3,13.037
1982,4,14.074
1982,5,15.138
1982,6,15.768
1982,7,16.066
1982,8,15.845
1982,9,15.322
1982,10,14.381
1982,11,13.322000000000001
1982,12,12.919
1983,1,12.704
1983,2,12.879
1983,3,13.411000000000001
1983,4,14.313
1983,5,15.328999999999999
1983,6,15.895
1983,7,16.09
1983,8,16.122
1983,9,15.586
1983,10,14.412
1983,11,13.486
1983,12,12.723
1984,1,12.516
1984,2,12.573
1984,3,13.339
1984,4,14.147
1984,5,15.327
1984,6,15.755
1984,7,15.975
1984,8,15.916
1984,9,15.397
1984,10,14.361
1984,11,13.215
1984,12,12.456000000000001
1985,1,12.520000000000001
1985,2,12.484
1985,3,13.226
1985,4,14.142000000000001
1985,5,15.149
1985,6,15.835
1985,7,15.915
1985,8,15.951
1985,9,15.331
1985,10,14.38
1985,11,13.299000000000001
1985,12,12.704
1986,1,12.469000000000001
1986,2,12.872
1986,3,13.318000000000001
1986,4,14.301
1986,5,15.224
1986,6,15.777000000000001
1986,7,16.041
1986,8,15.938
1986,9,15.273
1986,10,14.398
1986,11,13.31
1986,12,12.679
1987,1,12.579
1987,2,12.838
1987,3,13.270000000000001
1987,4,14.266
1987,5,15.259
1987,6,16.046
1987,7,16.37
1987,8,16.082
1987,9,15.533
1987,10,14.58
1987,11,13.437000000000001
1987,12,13.001000000000001
1988,1,12.790000000000001
1988,2,12.875
1988,3,13.517000000000001
1988,4,14.481
1988,5,15.392
1988,6,16.096
1988,7,16.257
1988,8,16.174
1988,9,15.578
1988,10,14.577
1988,11,13.292
1988,12,12.783000000000001
1989,1,12.298
1989,2,12.79
1989,3,13.357000000000001
1989,4,14.315000000000001
1989,5,15.065999999999999
1989,6,15.808
1989,7,16.255
1989,8,16.093
1989,9,15.533999999999999
1989,10,14.578
1989,11,13.369
1989,12,12.935
1990,1,12.653
1990,2,12.831
1990,3,13.794
1990,4,14.63
1990,5,15.498
1990,6,16.057
1990,7,16.394
1990,8,16.104
1990,9,15.495
1990,10,14.69
1990,11,13.620000000000001
1990,12,12.915000000000001
1991,1,12.672
1991,2,12.969999999999999
1991,3,13.447000000000001
1991,4,14.574
1991,5,15.381
1991,6,16.209
1991,7,16.444
1991,8,16.216
1991,9,15.641
1991,10,14.598
1991,11,13.524000000000001
1991,12,12.878
1992,1,12.732000000000001
1992,2,12.883
1992,3,13.519
1992,4,14.321
1992,5,15.291
1992,6,15.947000000000001
1992,7,16.063
1992,8,15.886
1992,9,15.17
1992,10,14.298
1992,11,13.24
1992,12,12.745000000000001
1993,1,12.629000000000001
1993,2,12.87
1993,3,13.433
1993,4,14.337
1993,5,15.291
1993,6,15.965
1993,7,16.203
1993,8,15.96
1993,9,15.388
1993,10,14.539
1993,11,13.35
1993,12,12.73
1994,1,12.538
1994,2,12.544
1994,3,13.417
1994,4,14.413
1994,5,15.298
1994,6,16.106
1994,7,16.225
1994,8,15.99
1994,9,15.511
1994,10,14.703
1994,11,13.662
1994,12,12.891
1995,1,12.753
1995,2,13.216
1995,3,13.530000000000001
1995,4,14.553
1995,5,15.327
1995,6,16.171
1995,7,16.47
1995,8,16.305
1995,9,15.584999999999999
1995,10,14.764
1995,11,13.691
1995,12,12.828000000000001
1996,1,12.562000000000001
1996,2,13.028
1996,3,13.5
1996,4,14.437000000000001
1996,5,15.267
1996,6,15.921000000000001
1996,7,16.289
1996,8,16.278
1996,9,15.472
1996,10,14.454
1996,11,13.655000000000001
1996,12,12.969000000000001
1997,1,12.605
1997,2,12.868
1997,3,13.613000000000001
1997,4,14.474
1997,5,15.375
1997,6,16.273
1997,7,16.33
1997,8,16.22
1997,9,15.754999999999999
1997,10,14.955
1997,11,13.935
1997,12,13.154
1998,1,12.888000000000002
1998,2,13.327
1998,3,13.729000000000001
1998,4,14.784
1998,5,15.709
1998,6,16.45
1998,7,16.652
1998,8,16.514
1998,9,15.687999999999999
1998,10,14.74
1998,11,13.72
1998,12,13.145
1999,1,12.737
1999,2,13.128
1999,3,13.447000000000001
1999,4,14.392000000000001
1999,5,15.289
1999,6,16.092
1999,7,16.329
1999,8,16.125
1999,9,15.655
1999,10,14.646
1999,11,13.625
1999,12,12.979000000000001
2000,1,12.557
2000,2,13.032
2000,3,13.620000000000001
2000,4,14.613
2000,5,15.353
2000,6,16.1
2000,7,16.317
2000,8,16.244
2000,9,15.648
2000,10,14.531
2000,11,13.574
2000,12,12.849
2001,1,12.748000000000001
2001,2,12.943999999999999
2001,3,13.661000000000001
2001,4,14.591000000000001
2001,5,15.546999999999999
2001,6,16.222
2001,7,16.506
2001,8,16.249
2001,9,15.74
2001,10,14.768
2001,11,13.946
2001,12,13.171000000000001
2002,1,13.006
2002,2,13.174
2002,3,13.997
2002,4,14.661000000000001
2002,5,15.635
2002,6,16.236
2002,7,16.545
2002,8,16.334
2002,9,15.879999999999999
2002,10,14.876
2002,11,13.822000000000001
2002,12,13.071
2003,1,13.041
2003,2,13.058
2003,3,13.652000000000001
2003,4,14.615
2003,5,15.61
2003,6,16.154
2003,7,16.495
2003,8,16.429
2003,9,15.883
2003,10,15.007
2003,11,13.771
2003,12,13.297
2004,1,12.889000000000001
2004,2,13.173
2004,3,13.698
2004,4,14.677
2004,5,15.368
2004,6,16.099
2004,7,16.183
2004,8,16.249
2004,9,15.741
2004,10,14.897
2004,11,13.932
2004,12,13.052
2005,1,13.030000000000001
2005,2,13.125
2005,3,13.834
2005,4,14.726
2005,5,15.642
2005,6,16.353
2005,7,16.542
2005,8,16.414
2005,9,15.943999999999999
2005,10,15.074
2005,11,13.962
2005,12,13.268
2006,1,12.876000000000001
2006,2,13.270999999999999
2006,3,13.757
2006,4,14.59
2006,5,15.497
2006,6,16.331
2006,7,16.419
2006,8,16.516
2006,9,15.829
2006,10,14.965
2006,11,13.954
2006,12,13.341000000000001
2007,1,13.227
2007,2,13.221
2007,3,13.755
2007,4,14.861
2007,5,15.667
2007,6,16.282
2007,7,16.58
2007,8,16.415
2007,9,15.81
2007,10,14.901
2007,11,13.838000000000001
2007,12,13.017000000000001
2008,1,12.538
2008,2,12.808
2008,3,13.746
2008,4,14.577
2008,5,15.506
2008,6,16.172
2008,7,16.506
2008,8,16.255
2008,9,15.871
2008,10,14.968
2008,11,13.905000000000001
2008,12,13.088000000000001
2009,1,12.943000000000001
2009,2,13.033
2009,3,13.579
2009,4,14.635
2009,5,15.616
2009,6,16.35
2009,7,16.715
2009,8,16.512
2009,9,15.937
2009,10,14.977
2009,11,14.030000000000001
2009,12,13.279
2010,1,13.06
2010,2,13.359
2010,3,13.992
2010,4,14.961
2010,5,15.763
2010,6,16.351
2010,7,16.549
2010,8,16.463
2010,9,15.876
2010,10,15.006
2010,11,14.019
2010,12,13.066
2011,1,12.846
2011,2,13.020999999999999
2011,3,13.76
2011,4,14.697000000000001
2011,5,15.527999999999999
2011,6,16.333000000000002
2011,7,16.721
2011,8,16.588
2011,9,15.796
2011,10,14.935
2011,11,13.807
2011,12,13.132
2012,1,12.709000000000001
2012,2,12.971
2012,3,13.588000000000001
2012,4,14.761000000000001
2012,5,15.76
2012,6,16.361
2012,7,16.522
2012,8,16.513
2012,9,15.974
2012,10,15.115
2012,11,14.05
2012,12,13.102
2013,1,12.967
2013,2,13.048
2013,3,13.747
2013,4,14.608
2013,5,15.616
2013,6,16.34
2013,7,16.526
2013,8,16.498
2013,9,15.985
2013,10,14.961
2013,11,14.067
2013,12,13.224
2014,1,13.018
2014,2,13.024
2014,3,13.831000000000001
2014,4,14.838000000000001
2014,5,15.838
2014,6,16.339
2014,7,16.523
2014,8,16.67
2014,9,16.131
2014,10,15.113
2014,11,13.869
2014,12,13.319
2015,1,13.095
2015,2,13.343
2015,3,13.971
2015,4,14.844000000000001
2015,5,15.799
2015,6,16.486
2015,7,16.683
2015,8,16.649
2015,9,16.095
2015,10,15.366
2015,11,14.27
2015,12,13.691
2016,1,13.491000000000001
2016,2,13.776
2016,3,14.383000000000001
2016,4,15.153
2016,5,15.987
2016,6,16.499
2016,7,16.788
2016,8,16.817
2016,9,16.127
2016,10,15.224
2016,11,14.205
2016,12,13.468
2017,1,13.322000000000001
2017,2,13.61
2017,3,14.258000000000001
2017,4,15.017
2017,5,15.921999999999999
2017,6,16.391000000000002
2017,7,16.758
2017,8,16.678
2017,9,15.991
2017,10,15.181000000000001
2017,11,14.091000000000001
2017,12,13.478
2018,1,13.111
2018,2,13.359
2018,3,13.978
2018,4,14.953000000000001
2018,5,15.789
2018,6,16.457
2018,7,16.748
2018,8,16.597
2018,9,16.006
2018,10,15.278
2018,11,14.049
2018,12,13.48
2019,1,13.194
2019,2,13.427
2019,3,14.274000000000001
2019,4,15.086
2019,5,15.865
2019,6,16.552
2019,7,16.894
2019,8,16.783
2019,9,16.144
2019,10,15.379999999999999
2019,11,14.252
2019,12,13.659
2020,1,13.435
2020,2,13.666
2020,3,14.23
2020,4,15.193000000000001
2020,5,15.972999999999999
2020,6,16.565
2020,7,16.871
2020,8,16.734
2020,9,16.203
2020,10,15.192
2020,11,14.323
2020,12,13.361
2021,1,13.128
2021,2,13.135
2021,3,13.914
2021,4,14.841000000000001
2021,5,15.793999999999999
2021,6,16.494
2021,7,16.848
2021,8,16.675
2021,9,16.188
2021,10,15.318999999999999
2021,11,14.174
2021,12,13.384
2022,1,13.174000000000001
2022,2,13.328
2022,3,14.124
2022,4,14.897
2022,5,15.822
2022,6,16.616
2022,7,16.858999999999998
2022,8,16.751
2022,9,16.108
2022,10,15.289
2022,11,13.96
2022,12,13.423
2023,1,13.164000000000001
2023,2,13.423
2023,3,14.319
2023,4,15.054
2023,5,15.942
2023,6,16.794
2023,7,17.194
2023,8,17.09
2023,9,16.739
2023,10,15.65
2023,11,14.642
2023,12,13.928
2024,1,13.544
2024,2,13.857
2024,3,14.414000000000001
2024,4,15.317
2024,5,16.148
