Year,Month,Anomaly,Unc.,Anomaly,Unc.
1850,1,-0.784,0.374,NaN,NaN
1850,2,-0.22,0.468,NaN,NaN
1850,3,-0.382,0.355,NaN,NaN
1850,4,-0.618,0.443,NaN,NaN
1850,5,-0.651,0.33,NaN,NaN
1850,6,-0.368,0.307,-0.461,0.205
1850,7,-0.185,0.206,-0.412,0.202
1850,8,-0.176,0.255,-0.429,0.192
1850,9,-0.437,0.252,-0.445,0.19
1850,10,-0.608,0.334,-0.447,0.179
1850,11,-0.587,0.314,-0.421,0.182
1850,12,-0.519,0.33,-0.413,0.182
1851,1,-0.192,0.371,-0.417,0.184
1851,2,-0.425,0.382,-0.429,0.187
1851,3,-0.571,0.298,-0.427,0.192
1851,4,-0.645,0.281,-0.39,0.198
1851,5,-0.341,0.347,-0.373,0.203
1851,6,-0.27,0.354,-0.344,0.214
1851,7,-0.23,0.229,-0.351,0.229
1851,8,-0.324,0.269,-0.359,0.241
1851,9,-0.413,0.302,-0.374,0.247
1851,10,-0.161,0.387,-0.366,0.248
1851,11,-0.391,0.296,-0.352,0.249
1851,12,-0.172,0.458,-0.34,0.256
1852,1,-0.265,0.493,-0.325,0.257
1852,2,-0.525,0.446,-0.328,0.251
1852,3,-0.751,0.348,-0.321,0.245
1852,4,-0.548,0.306,-0.322,0.231
1852,5,-0.18,0.372,-0.335,0.231
1852,6,-0.124,0.285,-0.316,0.219
1852,7,-0.05,0.22,-0.326,0.21
1852,8,-0.363,0.269,-0.311,0.192
1852,9,-0.318,0.248,-0.283,0.191
1852,10,-0.178,0.257,-0.261,0.191
1852,11,-0.55,0.301,-0.27,0.185
1852,12,0.056,0.322,-0.276,0.179
1853,1,-0.378,0.43,-0.27,0.172
1853,2,-0.347,0.342,-0.245,0.166
1853,3,-0.414,0.32,-0.254,0.161
1853,4,-0.29,0.264,-0.279,0.169
1853,5,-0.288,0.279,-0.289,0.161
1853,6,-0.194,0.232,-0.324,0.16
1853,7,0.023,0.233,-0.341,0.16
1853,8,-0.065,0.221,-0.363,0.17
1853,9,-0.417,0.205,-0.354,0.163
1853,10,-0.489,0.358,-0.365,0.153
1853,11,-0.67,0.293,-0.367,0.149
1853,12,-0.36,0.287,-0.392,0.142
1854,1,-0.579,0.376,-0.41,0.146
1854,2,-0.612,0.377,-0.421,0.151
1854,3,-0.304,0.267,-0.408,0.15
1854,4,-0.429,0.243,-0.359,0.149
1854,5,-0.31,0.238,-0.323,0.158
1854,6,-0.491,0.231,-0.312,0.153
1854,7,-0.19,0.203,-0.269,0.165
1854,8,-0.201,0.255,-0.229,0.167
1854,9,-0.263,0.231,-0.228,0.174
1854,10,0.106,0.335,-0.201,0.17
1854,11,-0.241,0.391,-0.196,0.164
1854,12,-0.228,0.397,-0.184,0.161
1855,1,-0.069,0.533,-0.201,0.159
1855,2,-0.132,0.364,-0.205,0.16
1855,3,-0.286,0.301,-0.224,0.16
1855,4,-0.109,0.272,-0.259,0.162
1855,5,-0.245,0.324,-0.273,0.157
1855,6,-0.356,0.325,-0.302,0.163
1855,7,-0.383,0.278,-0.297,0.167
1855,8,-0.256,0.267,-0.321,0.169
1855,9,-0.488,0.252,-0.333,0.173
1855,10,-0.319,0.31,-0.36,0.172
1855,11,-0.406,0.265,-0.37,0.176
1855,12,-0.577,0.327,-0.352,0.169
1856,1,-0.011,0.343,-0.344,0.165
1856,2,-0.416,0.322,-0.367,0.168
1856,3,-0.428,0.379,-0.387,0.168
1856,4,-0.432,0.243,-0.418,0.161
1856,5,-0.362,0.268,-0.433,0.162
1856,6,-0.144,0.267,-0.424,0.163
1856,7,-0.293,0.267,-0.469,0.158
1856,8,-0.523,0.31,-0.483,0.157
1856,9,-0.728,0.274,-0.501,0.154
1856,10,-0.695,0.227,-0.534,0.159
1856,11,-0.592,0.263,-0.568,0.156
1856,12,-0.463,0.289,-0.601,0.153
1857,1,-0.553,0.351,-0.617,0.156
1857,2,-0.587,0.312,-0.612,0.152
1857,3,-0.64,0.281,-0.597,0.152
1857,4,-0.831,0.292,-0.585,0.156
1857,5,-0.762,0.26,-0.58,0.156
1857,6,-0.551,0.214,-0.564,0.161
1857,7,-0.477,0.238,-0.54,0.16
1857,8,-0.465,0.249,-0.535,0.162
1857,9,-0.547,0.26,-0.51,0.161
1857,10,-0.552,0.276,-0.467,0.152
1857,11,-0.529,0.26,-0.44,0.152
1857,12,-0.272,0.289,-0.417,0.15
1858,1,-0.269,0.356,-0.405,0.15
1858,2,-0.527,0.288,-0.394,0.142
1858,3,-0.337,0.27,-0.39,0.135
1858,4,-0.312,0.244,-0.368,0.132
1858,5,-0.439,0.229,-0.341,0.134
1858,6,-0.281,0.166,-0.363,0.138
1858,7,-0.329,0.21,-0.375,0.14
1858,8,-0.329,0.225,-0.359,0.14
1858,9,-0.498,0.215,-0.354,0.144
1858,10,-0.297,0.255,-0.329,0.136
1858,11,-0.199,0.317,-0.294,0.133
1858,12,-0.537,0.31,-0.282,0.131
1859,1,-0.411,0.351,-0.282,0.133
1859,2,-0.333,0.301,-0.285,0.137
1859,3,-0.28,0.256,-0.288,0.133
1859,4,-0.014,0.213,-0.286,0.133
1859,5,-0.015,0.191,-0.287,0.126
1859,6,-0.14,0.159,-0.253,0.124
1859,7,-0.329,0.213,-0.25,0.116
1859,8,-0.367,0.237,-0.251,0.116
1859,9,-0.536,0.246,-0.289,0.117
1859,10,-0.267,0.23,-0.313,0.117
1859,11,-0.215,0.217,-0.333,0.114
1859,12,-0.131,0.312,-0.34,0.114
1860,1,-0.377,0.35,-0.336,0.115
1860,2,-0.346,0.304,-0.324,0.118
1860,3,-0.73,0.352,-0.305,0.117
1860,4,-0.31,0.24,-0.314,0.123
1860,5,-0.244,0.192,-0.342,0.127
1860,6,-0.228,0.18,-0.406,0.138
1860,7,-0.28,0.223,-0.463,0.142
1860,8,-0.227,0.212,-0.492,0.146
1860,9,-0.311,0.235,-0.482,0.149
1860,10,-0.37,0.227,-0.494,0.149
1860,11,-0.549,0.259,-0.515,0.154
1860,12,-0.902,0.296,-0.529,0.156
1861,1,-1.057,0.402,-0.534,0.16
1861,2,-0.69,0.319,-0.533,0.156
1861,3,-0.611,0.268,-0.542,0.153
1861,4,-0.462,0.23,-0.552,0.152
1861,5,-0.49,0.211,-0.525,0.148
1861,6,-0.402,0.242,-0.482,0.144
1861,7,-0.333,0.23,-0.474,0.143
1861,8,-0.214,0.204,-0.482,0.139
1861,9,-0.422,0.202,-0.476,0.137
1861,10,-0.489,0.227,-0.484,0.14
1861,11,-0.23,0.234,-0.47,0.141
1861,12,-0.39,0.323,-0.465,0.139
1862,1,-0.953,0.407,-0.466,0.137
1862,2,-0.787,0.303,-0.491,0.138
1862,3,-0.538,0.263,-0.503,0.137
1862,4,-0.561,0.315,-0.502,0.136
1862,5,-0.319,0.209,-0.531,0.136
1862,6,-0.342,0.232,-0.575,0.14
1862,7,-0.354,0.21,-0.509,0.139
1862,8,-0.511,0.236,-0.47,0.134
1862,9,-0.562,0.189,-0.455,0.132
1862,10,-0.484,0.231,-0.432,0.132
1862,11,-0.575,0.291,-0.426,0.13
1862,12,-0.911,0.351,-0.429,0.128
1863,1,-0.16,0.342,-0.431,0.13
1863,2,-0.318,0.357,-0.422,0.133
1863,3,-0.362,0.242,-0.418,0.138
1863,4,-0.285,0.247,-0.418,0.146
1863,5,-0.254,0.233,-0.401,0.15
1863,6,-0.367,0.194,-0.36,0.156
1863,7,-0.383,0.239,-0.396,0.165
1863,8,-0.396,0.248,-0.404,0.176
1863,9,-0.523,0.242,-0.407,0.179
1863,10,-0.484,0.241,-0.417,0.186
1863,11,-0.367,0.292,-0.409,0.189
1863,12,-0.426,0.369,-0.386,0.19
1864,1,-0.592,0.45,-0.369,0.189
1864,2,-0.412,0.373,-0.363,0.192
1864,3,-0.393,0.331,-0.36,0.192
1864,4,-0.411,0.251,-0.348,0.194
1864,5,-0.157,0.229,-0.35,0.191
1864,6,-0.092,0.24,-0.352,0.184
1864,7,-0.172,0.253,-0.296,0.176
1864,8,-0.324,0.313,-0.286,0.18
1864,9,-0.494,0.254,-0.288,0.171
1864,10,-0.339,0.271,-0.286,0.171
1864,11,-0.384,0.302,-0.296,0.17
1864,12,-0.456,0.24,-0.31,0.169
1865,1,0.083,0.342,-0.309,0.168
1865,2,-0.294,0.292,-0.301,0.163
1865,3,-0.417,0.245,-0.278,0.161
1865,4,-0.385,0.29,-0.266,0.161
1865,5,-0.281,0.228,-0.248,0.158
1865,6,-0.256,0.221,-0.251,0.158
1865,7,-0.163,0.282,-0.257,0.152
1865,8,-0.225,0.233,-0.264,0.151
1865,9,-0.215,0.242,-0.267,0.152
1865,10,-0.198,0.226,-0.279,0.15
1865,11,-0.177,0.244,-0.286,0.15
1865,12,-0.487,0.276,-0.286,0.149
1866,1,0.007,0.346,-0.263,0.15
1866,2,-0.371,0.319,-0.263,0.149
1866,3,-0.458,0.293,-0.271,0.147
1866,4,-0.523,0.239,-0.276,0.147
1866,5,-0.368,0.229,-0.266,0.146
1866,6,-0.261,0.215,-0.219,0.147
1866,7,0.115,0.24,-0.234,0.151
1866,8,-0.218,0.303,-0.231,0.148
1866,9,-0.314,0.226,-0.217,0.147
1866,10,-0.259,0.246,-0.186,0.148
1866,11,-0.055,0.236,-0.189,0.148
1866,12,0.074,0.265,-0.185,0.146
1867,1,-0.167,0.347,-0.211,0.146
1867,2,-0.336,0.31,-0.215,0.145
1867,3,-0.294,0.238,-0.201,0.144
1867,4,-0.143,0.272,-0.179,0.146
1867,5,-0.412,0.22,-0.154,0.151
1867,6,-0.215,0.199,-0.174,0.157
1867,7,-0.19,0.225,-0.203,0.162
1867,8,-0.266,0.25,-0.23,0.185
1867,9,-0.151,0.224,-0.23,0.18
1867,10,0.009,0.272,-0.227,0.177
1867,11,0.242,0.368,-0.202,0.175
1867,12,-0.163,0.356,-0.193,0.178
1868,1,-0.513,0.324,-0.173,0.175
1868,2,-0.665,0.316,-0.156,0.175
1868,3,-0.298,0.227,-0.167,0.18
1868,4,-0.106,0.264,-0.169,0.181
1868,5,-0.107,0.223,-0.217,0.165
1868,6,-0.108,0.216,-0.217,0.162
1868,7,0.048,0.195,-0.193,0.169
1868,8,-0.066,0.201,-0.143,0.165
1868,9,-0.272,0.218,-0.154,0.173
1868,10,-0.015,0.244,-0.168,0.163
1868,11,-0.339,0.235,-0.175,0.168
1868,12,-0.159,0.326,-0.183,0.166
1869,1,-0.226,0.388,-0.208,0.164
1869,2,-0.069,0.402,-0.218,0.169
1869,3,-0.433,0.244,-0.204,0.164
1869,4,-0.267,0.208,-0.221,0.157
1869,5,-0.191,0.247,-0.21,0.159
1869,6,-0.209,0.25,-0.231,0.15
1869,7,-0.246,0.201,-0.238,0.138
1869,8,-0.196,0.238,-0.273,0.13
1869,9,-0.096,0.189,-0.266,0.131
1869,10,-0.224,0.203,-0.266,0.14
1869,11,-0.199,0.224,-0.265,0.14
1869,12,-0.42,0.244,-0.257,0.137
1870,1,-0.312,0.274,-0.246,0.136
1870,2,-0.483,0.311,-0.254,0.136
1870,3,-0.344,0.242,-0.263,0.137
1870,4,-0.275,0.211,-0.273,0.139
1870,5,-0.18,0.207,-0.283,0.144
1870,6,-0.115,0.222,-0.296,0.144
1870,7,-0.108,0.215,-0.315,0.143
1870,8,-0.291,0.204,-0.323,0.143
1870,9,-0.211,0.19,-0.316,0.137
1870,10,-0.335,0.19,-0.299,0.131
1870,11,-0.326,0.287,-0.308,0.13
1870,12,-0.576,0.242,-0.318,0.128
1871,1,-0.539,0.278,-0.322,0.125
1871,2,-0.575,0.34,-0.314,0.121
1871,3,-0.261,0.204,-0.331,0.123
1871,4,-0.066,0.173,-0.323,0.126
1871,5,-0.296,0.223,-0.34,0.122
1871,6,-0.23,0.175,-0.324,0.118
1871,7,-0.161,0.212,-0.316,0.128
1871,8,-0.197,0.203,-0.302,0.129
1871,9,-0.406,0.221,-0.31,0.136
1871,10,-0.249,0.242,-0.334,0.149
1871,11,-0.528,0.244,-0.326,0.152
1871,12,-0.385,0.23,-0.33,0.154
1872,1,-0.445,0.385,-0.327,0.155
1872,2,-0.395,0.264,-0.314,0.151
1872,3,-0.357,0.255,-0.297,0.149
1872,4,-0.363,0.282,-0.293,0.146
1872,5,-0.193,0.234,-0.285,0.145
1872,6,-0.279,0.179,-0.294,0.152
1872,7,-0.126,0.222,-0.283,0.145
1872,8,-0.048,0.212,-0.258,0.148
1872,9,-0.199,0.2,-0.252,0.144
1872,10,-0.204,0.212,-0.26,0.148
1872,11,-0.425,0.238,-0.267,0.149
1872,12,-0.49,0.278,-0.262,0.153
1873,1,-0.321,0.268,-0.266,0.15
1873,2,-0.091,0.26,-0.275,0.153
1873,3,-0.282,0.231,-0.291,0.154
1873,4,-0.461,0.333,-0.294,0.149
1873,5,-0.28,0.246,-0.287,0.151
1873,6,-0.214,0.229,-0.265,0.146
1873,7,-0.179,0.208,-0.257,0.136
1873,8,-0.155,0.208,-0.272,0.129
1873,9,-0.385,0.227,-0.301,0.123
1873,10,-0.246,0.186,-0.294,0.121
1873,11,-0.339,0.194,-0.289,0.12
1873,12,-0.223,0.216,-0.3,0.119
1874,1,-0.224,0.244,-0.308,0.121
1874,2,-0.273,0.208,-0.31,0.121
1874,3,-0.634,0.181,-0.293,0.119
1874,4,-0.377,0.189,-0.299,0.119
1874,5,-0.215,0.252,-0.306,0.117
1874,6,-0.352,0.194,-0.313,0.111
1874,7,-0.273,0.23,-0.333,0.112
1874,8,-0.182,0.21,-0.341,0.111
1874,9,-0.176,0.19,-0.326,0.116
1874,10,-0.321,0.197,-0.328,0.114
1874,11,-0.418,0.184,-0.334,0.109
1874,12,-0.31,0.231,-0.329,0.104
1875,1,-0.465,0.22,-0.325,0.101
1875,2,-0.364,0.195,-0.332,0.098
1875,3,-0.464,0.194,-0.341,0.098
1875,4,-0.393,0.17,-0.329,0.098
1875,5,-0.293,0.169,-0.341,0.098
1875,6,-0.293,0.148,-0.354,0.105
1875,7,-0.225,0.173,-0.347,0.105
1875,8,-0.26,0.199,-0.339,0.105
1875,9,-0.284,0.197,-0.325,0.1
1875,10,-0.184,0.179,-0.316,0.101
1875,11,-0.56,0.186,-0.335,0.099
1875,12,-0.462,0.203,-0.339,0.102
1876,1,-0.384,0.256,-0.335,0.101
1876,2,-0.273,0.191,-0.341,0.1
1876,3,-0.294,0.179,-0.348,0.1
1876,4,-0.279,0.182,-0.355,0.101
1876,5,-0.528,0.195,-0.348,0.101
1876,6,-0.342,0.168,-0.358,0.101
1876,7,-0.177,0.186,-0.348,0.1
1876,8,-0.321,0.205,-0.333,0.102
1876,9,-0.369,0.184,-0.304,0.103
1876,10,-0.269,0.177,-0.291,0.103
1876,11,-0.479,0.185,-0.253,0.105
1876,12,-0.58,0.181,-0.231,0.103
1877,1,-0.264,0.212,-0.207,0.103
1877,2,-0.093,0.216,-0.163,0.102
1877,3,0.05,0.17,-0.121,0.104
1877,4,-0.123,0.182,-0.084,0.104
1877,5,-0.074,0.199,-0.026,0.106
1877,6,-0.079,0.196,0.014,0.105
1877,7,0.113,0.17,0.035,0.11
1877,8,0.208,0.178,0.076,0.111
1877,9,0.141,0.187,0.119,0.111
1877,10,0.177,0.189,0.154,0.112
1877,11,0.206,0.222,0.154,0.111
1877,12,-0.089,0.287,0.167,0.122
1878,1,-0.018,0.288,0.168,0.126
1878,2,0.404,0.218,0.155,0.13
1878,3,0.559,0.173,0.141,0.134
1878,4,0.294,0.187,0.121,0.133
1878,5,-0.073,0.166,0.106,0.131
1878,6,0.085,0.187,0.103,0.12
1878,7,0.116,0.202,0.096,0.109
1878,8,0.062,0.186,0.044,0.1
1878,9,-0.033,0.19,-0.009,0.099
1878,10,-0.058,0.172,-0.059,0.096
1878,11,0.019,0.17,-0.075,0.099
1878,12,-0.116,0.161,-0.1,0.101
1879,1,-0.107,0.202,-0.128,0.101
1879,2,-0.224,0.204,-0.155,0.104
1879,3,-0.078,0.179,-0.18,0.101
1879,4,-0.302,0.16,-0.184,0.103
1879,5,-0.267,0.196,-0.209,0.103
1879,6,-0.211,0.241,-0.241,0.101
1879,7,-0.223,0.194,-0.265,0.108
1879,8,-0.262,0.206,-0.289,0.117
1879,9,-0.329,0.173,-0.307,0.118
1879,10,-0.102,0.198,-0.311,0.119
1879,11,-0.287,0.176,-0.309,0.119
1879,12,-0.494,0.169,-0.317,0.116
1880,1,-0.395,0.287,-0.322,0.118
1880,2,-0.518,0.195,-0.317,0.116
1880,3,-0.291,0.191,-0.323,0.116
1880,4,-0.353,0.175,-0.342,0.115
1880,5,-0.236,0.191,-0.333,0.114
1880,6,-0.318,0.185,-0.312,0.12
1880,7,-0.279,0.21,-0.286,0.107
1880,8,-0.203,0.191,-0.259,0.106
1880,9,-0.399,0.183,-0.241,0.106
1880,10,-0.326,0.165,-0.213,0.107
1880,11,-0.181,0.175,-0.199,0.107
1880,12,-0.238,0.208,-0.202,0.106
1881,1,-0.094,0.212,-0.192,0.104
1881,2,-0.193,0.201,-0.187,0.102
1881,3,-0.074,0.184,-0.179,0.101
1881,4,-0.011,0.173,-0.174,0.102
1881,5,-0.072,0.194,-0.191,0.103
1881,6,-0.354,0.176,-0.189,0.101
1881,7,-0.157,0.195,-0.175,0.099
1881,8,-0.143,0.178,-0.158,0.095
1881,9,-0.31,0.176,-0.162,0.088
1881,10,-0.256,0.175,-0.185,0.086
1881,11,-0.387,0.166,-0.2,0.084
1881,12,-0.221,0.176,-0.2,0.082
1882,1,0.08,0.194,-0.216,0.081
1882,2,0.003,0.164,-0.221,0.08
1882,3,-0.117,0.157,-0.212,0.08
1882,4,-0.285,0.148,-0.221,0.079
1882,5,-0.256,0.164,-0.224,0.08
1882,6,-0.349,0.142,-0.255,0.08
1882,7,-0.356,0.167,-0.296,0.083
1882,8,-0.194,0.183,-0.332,0.083
1882,9,-0.208,0.156,-0.331,0.084
1882,10,-0.364,0.141,-0.335,0.083
1882,11,-0.415,0.169,-0.333,0.082
1882,12,-0.603,0.199,-0.315,0.083
1883,1,-0.411,0.169,-0.308,0.083
1883,2,-0.426,0.169,-0.321,0.083
1883,3,-0.104,0.132,-0.334,0.083
1883,4,-0.333,0.149,-0.325,0.081
1883,5,-0.236,0.157,-0.332,0.082
1883,6,-0.132,0.142,-0.305,0.08
1883,7,-0.27,0.178,-0.291,0.08
1883,8,-0.352,0.172,-0.272,0.081
1883,9,-0.361,0.166,-0.307,0.081
1883,10,-0.255,0.14,-0.325,0.082
1883,11,-0.499,0.173,-0.355,0.081
1883,12,-0.276,0.16,-0.387,0.081
1884,1,-0.252,0.189,-0.411,0.083
1884,2,-0.198,0.153,-0.421,0.084
1884,3,-0.517,0.145,-0.437,0.083
1884,4,-0.555,0.136,-0.455,0.083
1884,5,-0.59,0.154,-0.464,0.081
1884,6,-0.518,0.154,-0.478,0.083
1884,7,-0.557,0.171,-0.514,0.086
1884,8,-0.479,0.184,-0.537,0.088
1884,9,-0.542,0.168,-0.526,0.088
1884,10,-0.479,0.148,-0.523,0.09
1884,11,-0.603,0.163,-0.519,0.091
1884,12,-0.449,0.186,-0.524,0.09
1885,1,-0.68,0.201,-0.508,0.091
1885,2,-0.48,0.169,-0.504,0.09
1885,3,-0.381,0.135,-0.494,0.091
1885,4,-0.519,0.153,-0.479,0.093
1885,5,-0.542,0.17,-0.463,0.095
1885,6,-0.581,0.138,-0.44,0.093
1885,7,-0.357,0.18,-0.438,0.091
1885,8,-0.437,0.185,-0.452,0.088
1885,9,-0.42,0.164,-0.466,0.091
1885,10,-0.301,0.158,-0.456,0.091
1885,11,-0.412,0.158,-0.438,0.09
1885,12,-0.176,0.157,-0.43,0.091
1886,1,-0.653,0.163,-0.424,0.09
1886,2,-0.65,0.135,-0.425,0.089
1886,3,-0.543,0.144,-0.431,0.089
1886,4,-0.403,0.143,-0.445,0.09
1886,5,-0.327,0.153,-0.458,0.09
1886,6,-0.478,0.14,-0.476,0.089
1886,7,-0.29,0.176,-0.501,0.088
1886,8,-0.446,0.175,-0.507,0.089
1886,9,-0.5,0.164,-0.502,0.087
1886,10,-0.466,0.163,-0.5,0.085
1886,11,-0.573,0.163,-0.512,0.084
1886,12,-0.39,0.154,-0.514,0.083
1887,1,-0.953,0.164,-0.52,0.082
1887,2,-0.716,0.145,-0.529,0.081
1887,3,-0.483,0.137,-0.522,0.08
1887,4,-0.383,0.136,-0.52,0.078
1887,5,-0.471,0.146,-0.508,0.078
1887,6,-0.499,0.142,-0.512,0.08
1887,7,-0.363,0.172,-0.464,0.078
1887,8,-0.556,0.179,-0.449,0.08
1887,9,-0.41,0.149,-0.447,0.081
1887,10,-0.437,0.136,-0.447,0.081
1887,11,-0.439,0.143,-0.438,0.084
1887,12,-0.439,0.156,-0.423,0.086
1888,1,-0.376,0.173,-0.414,0.086
1888,2,-0.531,0.151,-0.391,0.088
1888,3,-0.46,0.15,-0.382,0.089
1888,4,-0.387,0.143,-0.352,0.089
1888,5,-0.355,0.18,-0.329,0.088
1888,6,-0.328,0.158,-0.302,0.087
1888,7,-0.249,0.165,-0.281,0.089
1888,8,-0.278,0.182,-0.216,0.087
1888,9,-0.302,0.158,-0.174,0.086
1888,10,-0.083,0.151,-0.136,0.086
1888,11,-0.16,0.164,-0.119,0.085
1888,12,-0.112,0.145,-0.108,0.083
1889,1,-0.124,0.178,-0.101,0.084
1889,2,0.24,0.149,-0.102,0.083
1889,3,0.048,0.129,-0.106,0.082
1889,4,0.065,0.142,-0.123,0.081
1889,5,-0.148,0.147,-0.151,0.081
1889,6,-0.194,0.127,-0.169,0.082
1889,7,-0.162,0.164,-0.196,0.081
1889,8,-0.29,0.165,-0.252,0.081
1889,9,-0.354,0.158,-0.303,0.084
1889,10,-0.289,0.143,-0.342,0.084
1889,11,-0.487,0.15,-0.37,0.085
1889,12,-0.332,0.149,-0.393,0.086
1890,1,-0.451,0.141,-0.416,0.086
1890,2,-0.431,0.148,-0.432,0.086
1890,3,-0.565,0.147,-0.442,0.088
1890,4,-0.404,0.131,-0.442,0.086
1890,5,-0.486,0.161,-0.457,0.087
1890,6,-0.47,0.137,-0.461,0.089
1890,7,-0.438,0.174,-0.464,0.09
1890,8,-0.476,0.173,-0.479,0.09
1890,9,-0.472,0.159,-0.451,0.089
1890,10,-0.295,0.133,-0.449,0.089
1890,11,-0.668,0.148,-0.43,0.089
1890,12,-0.373,0.149,-0.422,0.09
1891,1,-0.493,0.165,-0.414,0.091
1891,2,-0.604,0.173,-0.4,0.091
1891,3,-0.236,0.136,-0.384,0.09
1891,4,-0.372,0.139,-0.387,0.092
1891,5,-0.267,0.159,-0.373,0.092
1891,6,-0.365,0.142,-0.35,0.091
1891,7,-0.351,0.166,-0.331,0.089
1891,8,-0.306,0.172,-0.296,0.087
1891,9,-0.273,0.146,-0.313,0.085
1891,10,-0.338,0.138,-0.322,0.085
1891,11,-0.492,0.152,-0.333,0.085
1891,12,-0.101,0.143,-0.326,0.085
1892,1,-0.269,0.153,-0.336,0.084
1892,2,-0.177,0.137,-0.346,0.084
1892,3,-0.447,0.129,-0.357,0.084
1892,4,-0.48,0.136,-0.35,0.083
1892,5,-0.395,0.149,-0.371,0.084
1892,6,-0.286,0.147,-0.404,0.084
1892,7,-0.464,0.163,-0.456,0.084
1892,8,-0.436,0.173,-0.492,0.082
1892,9,-0.402,0.142,-0.479,0.083
1892,10,-0.255,0.13,-0.469,0.083
1892,11,-0.743,0.15,-0.468,0.081
1892,12,-0.496,0.147,-0.468,0.081
1893,1,-0.894,0.147,-0.443,0.08
1893,2,-0.612,0.128,-0.429,0.08
1893,3,-0.291,0.119,-0.424,0.08
1893,4,-0.349,0.127,-0.421,0.08
1893,5,-0.384,0.151,-0.386,0.081
1893,6,-0.294,0.144,-0.377,0.079
1893,7,-0.166,0.159,-0.346,0.081
1893,8,-0.262,0.167,-0.331,0.08
1893,9,-0.345,0.141,-0.334,0.081
1893,10,-0.211,0.132,-0.347,0.082
1893,11,-0.329,0.133,-0.347,0.082
1893,12,-0.383,0.128,-0.361,0.084
1894,1,-0.529,0.144,-0.37,0.084
1894,2,-0.43,0.125,-0.371,0.084
1894,3,-0.321,0.127,-0.371,0.084
1894,4,-0.508,0.136,-0.372,0.084
1894,5,-0.388,0.142,-0.378,0.084
1894,6,-0.457,0.131,-0.373,0.084
1894,7,-0.28,0.163,-0.368,0.084
1894,8,-0.277,0.165,-0.371,0.084
1894,9,-0.345,0.154,-0.38,0.083
1894,10,-0.217,0.133,-0.361,0.083
1894,11,-0.407,0.126,-0.355,0.084
1894,12,-0.323,0.127,-0.34,0.083
1895,1,-0.469,0.14,-0.335,0.082
1895,2,-0.461,0.125,-0.337,0.083
1895,3,-0.426,0.139,-0.336,0.083
1895,4,-0.282,0.132,-0.337,0.082
1895,5,-0.314,0.159,-0.32,0.082
1895,6,-0.282,0.137,-0.31,0.083
1895,7,-0.223,0.165,-0.289,0.084
1895,8,-0.302,0.168,-0.274,0.084
1895,9,-0.333,0.142,-0.277,0.082
1895,10,-0.224,0.128,-0.289,0.083
1895,11,-0.203,0.132,-0.285,0.083
1895,12,-0.201,0.131,-0.273,0.083
1896,1,-0.224,0.145,-0.263,0.083
1896,2,-0.274,0.131,-0.248,0.083
1896,3,-0.459,0.111,-0.235,0.084
1896,4,-0.436,0.142,-0.219,0.083
1896,5,-0.265,0.15,-0.225,0.083
1896,6,-0.134,0.136,-0.217,0.084
1896,7,-0.106,0.161,-0.212,0.084
1896,8,-0.116,0.167,-0.212,0.084
1896,9,-0.178,0.146,-0.199,0.084
1896,10,-0.031,0.127,-0.168,0.083
1896,11,-0.278,0.129,-0.146,0.082
1896,12,-0.103,0.132,-0.149,0.082
1897,1,-0.164,0.146,-0.156,0.082
1897,2,-0.278,0.119,-0.163,0.082
1897,3,-0.301,0.124,-0.169,0.083
1897,4,-0.063,0.131,-0.183,0.083
1897,5,-0.006,0.144,-0.187,0.085
1897,6,-0.162,0.148,-0.2,0.085
1897,7,-0.192,0.169,-0.199,0.088
1897,8,-0.206,0.171,-0.216,0.088
1897,9,-0.248,0.155,-0.243,0.092
1897,10,-0.194,0.133,-0.271,0.093
1897,11,-0.326,0.159,-0.303,0.093
1897,12,-0.258,0.122,-0.308,0.093
1898,1,-0.151,0.184,-0.32,0.093
1898,2,-0.492,0.125,-0.334,0.093
1898,3,-0.624,0.136,-0.346,0.091
1898,4,-0.396,0.149,-0.37,0.089
1898,5,-0.383,0.143,-0.389,0.086
1898,6,-0.223,0.134,-0.402,0.085
1898,7,-0.343,0.16,-0.408,0.084
1898,8,-0.369,0.169,-0.408,0.085
1898,9,-0.399,0.146,-0.392,0.085
1898,10,-0.478,0.134,-0.377,0.086
1898,11,-0.554,0.124,-0.362,0.086
1898,12,-0.41,0.112,-0.374,0.085
1899,1,-0.227,0.134,-0.368,0.085
1899,2,-0.489,0.126,-0.351,0.086
1899,3,-0.434,0.123,-0.328,0.086
1899,4,-0.21,0.132,-0.294,0.085
1899,5,-0.205,0.142,-0.247,0.084
1899,6,-0.366,0.138,-0.235,0.085
1899,7,-0.271,0.161,-0.252,0.085
1899,8,-0.168,0.178,-0.212,0.086
1899,9,-0.117,0.146,-0.173,0.086
1899,10,-0.081,0.132,-0.166,0.086
1899,11,0.017,0.121,-0.155,0.086
1899,12,-0.272,0.129,-0.137,0.086
1900,1,-0.429,0.139,-0.129,0.086
1900,2,-0.003,0.136,-0.13,0.087
1900,3,0.027,0.127,-0.132,0.087
1900,4,-0.125,0.142,-0.121,0.088
1900,5,-0.071,0.144,-0.141,0.089
1900,6,-0.149,0.162,-0.129,0.088
1900,7,-0.177,0.163,-0.117,0.086
1900,8,-0.176,0.166,-0.124,0.085
1900,9,-0.143,0.144,-0.129,0.085
1900,10,0.042,0.124,-0.122,0.085
1900,11,-0.212,0.125,-0.13,0.085
1900,12,-0.13,0.123,-0.136,0.084
1901,1,-0.283,0.123,-0.142,0.084
1901,2,-0.095,0.122,-0.144,0.085
1901,3,-0.031,0.117,-0.155,0.085
1901,4,-0.041,0.131,-0.182,0.085
1901,5,-0.163,0.144,-0.19,0.086
1901,6,-0.222,0.144,-0.201,0.087
1901,7,-0.257,0.164,-0.201,0.085
1901,8,-0.19,0.168,-0.198,0.085
1901,9,-0.28,0.149,-0.229,0.086
1901,10,-0.286,0.127,-0.253,0.086
1901,11,-0.303,0.131,-0.272,0.086
1901,12,-0.257,0.128,-0.282,0.085
1902,1,-0.285,0.119,-0.286,0.084
1902,2,-0.067,0.119,-0.299,0.083
1902,3,-0.396,0.114,-0.307,0.083
1902,4,-0.332,0.135,-0.317,0.083
1902,5,-0.383,0.145,-0.338,0.083
1902,6,-0.348,0.13,-0.359,0.084
1902,7,-0.309,0.158,-0.357,0.083
1902,8,-0.346,0.165,-0.364,0.083
1902,9,-0.368,0.144,-0.356,0.084
1902,10,-0.415,0.131,-0.37,0.085
1902,11,-0.553,0.124,-0.376,0.085
1902,12,-0.507,0.129,-0.392,0.085
1903,1,-0.256,0.122,-0.405,0.085
1903,2,-0.157,0.12,-0.422,0.085
1903,3,-0.303,0.122,-0.442,0.086
1903,4,-0.494,0.142,-0.454,0.086
1903,5,-0.459,0.149,-0.454,0.087
1903,6,-0.543,0.125,-0.456,0.087
1903,7,-0.455,0.158,-0.49,0.086
1903,8,-0.556,0.163,-0.532,0.089
1903,9,-0.611,0.148,-0.548,0.088
1903,10,-0.554,0.121,-0.553,0.086
1903,11,-0.555,0.116,-0.56,0.085
1903,12,-0.526,0.125,-0.557,0.085
1904,1,-0.665,0.115,-0.563,0.084
1904,2,-0.657,0.119,-0.559,0.084
1904,3,-0.506,0.107,-0.558,0.085
1904,4,-0.547,0.127,-0.552,0.085
1904,5,-0.543,0.141,-0.529,0.085
1904,6,-0.504,0.135,-0.513,0.084
1904,7,-0.531,0.158,-0.486,0.084
1904,8,-0.506,0.166,-0.483,0.084
1904,9,-0.604,0.141,-0.468,0.084
1904,10,-0.485,0.119,-0.453,0.084
1904,11,-0.276,0.118,-0.432,0.084
1904,12,-0.337,0.119,-0.417,0.085
1905,1,-0.337,0.125,-0.403,0.085
1905,2,-0.618,0.115,-0.384,0.086
1905,3,-0.323,0.122,-0.362,0.086
1905,4,-0.377,0.13,-0.347,0.087
1905,5,-0.289,0.138,-0.338,0.086
1905,6,-0.323,0.131,-0.332,0.087
1905,7,-0.358,0.161,-0.332,0.088
1905,8,-0.276,0.167,-0.307,0.088
1905,9,-0.339,0.143,-0.291,0.088
1905,10,-0.304,0.127,-0.262,0.087
1905,11,-0.174,0.118,-0.262,0.088
1905,12,-0.266,0.122,-0.255,0.088
1906,1,-0.336,0.126,-0.253,0.089
1906,2,-0.32,0.114,-0.252,0.09
1906,3,-0.129,0.112,-0.252,0.09
1906,4,-0.033,0.127,-0.241,0.09
1906,5,-0.284,0.142,-0.259,0.09
1906,6,-0.247,0.139,-0.251,0.09
1906,7,-0.325,0.17,-0.257,0.089
1906,8,-0.273,0.168,-0.278,0.088
1906,9,-0.331,0.144,-0.291,0.087
1906,10,-0.171,0.129,-0.318,0.088
1906,11,-0.395,0.124,-0.337,0.088
1906,12,-0.169,0.12,-0.356,0.087
1907,1,-0.413,0.117,-0.363,0.086
1907,2,-0.562,0.117,-0.376,0.085
1907,3,-0.294,0.106,-0.382,0.085
1907,4,-0.353,0.141,-0.387,0.085
1907,5,-0.512,0.136,-0.4,0.084
1907,6,-0.476,0.127,-0.425,0.085
1907,7,-0.41,0.159,-0.428,0.084
1907,8,-0.427,0.168,-0.404,0.083
1907,9,-0.409,0.142,-0.43,0.082
1907,10,-0.23,0.126,-0.441,0.08
1907,11,-0.547,0.12,-0.423,0.08
1907,12,-0.466,0.116,-0.41,0.08
1908,1,-0.447,0.106,-0.406,0.079
1908,2,-0.273,0.104,-0.41,0.079
1908,3,-0.607,0.1,-0.407,0.078
1908,4,-0.491,0.125,-0.427,0.077
1908,5,-0.295,0.141,-0.437,0.076
1908,6,-0.322,0.13,-0.445,0.074
1908,7,-0.355,0.16,-0.472,0.074
1908,8,-0.484,0.164,-0.491,0.074
1908,9,-0.366,0.132,-0.489,0.074
1908,10,-0.474,0.119,-0.494,0.073
1908,11,-0.664,0.107,-0.512,0.072
1908,12,-0.566,0.11,-0.525,0.072
1909,1,-0.77,0.105,-0.538,0.071
1909,2,-0.493,0.101,-0.526,0.07
1909,3,-0.583,0.105,-0.535,0.07
1909,4,-0.557,0.128,-0.533,0.07
1909,5,-0.508,0.134,-0.512,0.069
1909,6,-0.481,0.12,-0.505,0.07
1909,7,-0.51,0.158,-0.473,0.07
1909,8,-0.344,0.16,-0.471,0.069
1909,9,-0.476,0.13,-0.468,0.068
1909,10,-0.445,0.11,-0.458,0.068
1909,11,-0.409,0.11,-0.445,0.067
1909,12,-0.487,0.103,-0.439,0.067
1910,1,-0.385,0.104,-0.431,0.067
1910,2,-0.471,0.097,-0.436,0.067
1910,3,-0.543,0.099,-0.432,0.067
1910,4,-0.442,0.113,-0.427,0.067
1910,5,-0.35,0.134,-0.444,0.067
1910,6,-0.408,0.115,-0.465,0.067
1910,7,-0.412,0.155,-0.49,0.067
1910,8,-0.398,0.16,-0.505,0.066
1910,9,-0.43,0.13,-0.512,0.067
1910,10,-0.387,0.106,-0.517,0.067
1910,11,-0.619,0.109,-0.531,0.067
1910,12,-0.733,0.113,-0.537,0.067
1911,1,-0.686,0.098,-0.542,0.067
1911,2,-0.648,0.098,-0.547,0.067
1911,3,-0.628,0.101,-0.551,0.068
1911,4,-0.5,0.115,-0.539,0.068
1911,5,-0.518,0.139,-0.513,0.068
1911,6,-0.486,0.119,-0.474,0.068
1911,7,-0.471,0.153,-0.435,0.068
1911,8,-0.453,0.156,-0.397,0.068
1911,9,-0.482,0.133,-0.381,0.068
1911,10,-0.247,0.107,-0.353,0.068
1911,11,-0.307,0.101,-0.33,0.067
1911,12,-0.268,0.102,-0.307,0.067
1912,1,-0.211,0.105,-0.309,0.067
1912,2,-0.195,0.102,-0.319,0.067
1912,3,-0.437,0.092,-0.334,0.068
1912,4,-0.162,0.115,-0.366,0.068
1912,5,-0.245,0.126,-0.381,0.068
1912,6,-0.209,0.117,-0.401,0.068
1912,7,-0.491,0.157,-0.428,0.069
1912,8,-0.571,0.161,-0.452,0.069
1912,9,-0.664,0.136,-0.453,0.069
1912,10,-0.633,0.114,-0.468,0.07
1912,11,-0.485,0.1,-0.482,0.071
1912,12,-0.503,0.1,-0.504,0.071
1913,1,-0.536,0.101,-0.497,0.072
1913,2,-0.489,0.097,-0.479,0.072
1913,3,-0.447,0.091,-0.458,0.072
1913,4,-0.346,0.118,-0.434,0.071
1913,5,-0.41,0.135,-0.418,0.071
1913,6,-0.469,0.121,-0.376,0.07
1913,7,-0.418,0.159,-0.33,0.07
1913,8,-0.349,0.165,-0.309,0.07
1913,9,-0.417,0.131,-0.3,0.07
1913,10,-0.344,0.108,-0.297,0.069
1913,11,-0.293,0.106,-0.28,0.069
1913,12,0.008,0.1,-0.26,0.069
1914,1,0.007,0.099,-0.248,0.069
1914,2,-0.234,0.096,-0.236,0.069
1914,3,-0.334,0.094,-0.223,0.07
1914,4,-0.312,0.115,-0.195,0.071
1914,5,-0.209,0.138,-0.186,0.071
1914,6,-0.22,0.122,-0.189,0.071
1914,7,-0.284,0.158,-0.209,0.071
1914,8,-0.198,0.162,-0.2,0.072
1914,9,-0.261,0.137,-0.174,0.073
1914,10,-0.015,0.114,-0.141,0.073
1914,11,-0.178,0.108,-0.122,0.073
1914,12,-0.031,0.106,-0.119,0.073
1915,1,-0.236,0.108,-0.111,0.074
1915,2,-0.126,0.101,-0.104,0.074
1915,3,-0.023,0.106,-0.099,0.074
1915,4,0.084,0.121,-0.122,0.074
1915,5,0.025,0.131,-0.117,0.075
1915,6,-0.183,0.125,-0.136,0.075
1915,7,-0.194,0.162,-0.13,0.076
1915,8,-0.11,0.166,-0.134,0.076
1915,9,-0.207,0.134,-0.155,0.076
1915,10,-0.281,0.11,-0.189,0.076
1915,11,-0.121,0.107,-0.218,0.076
1915,12,-0.261,0.109,-0.233,0.076
1916,1,-0.166,0.12,-0.245,0.077
1916,2,-0.168,0.109,-0.265,0.077
1916,3,-0.282,0.103,-0.281,0.077
1916,4,-0.324,0.116,-0.289,0.077
1916,5,-0.315,0.138,-0.322,0.078
1916,6,-0.365,0.122,-0.367,0.078
1916,7,-0.335,0.16,-0.408,0.078
1916,8,-0.352,0.166,-0.45,0.079
1916,9,-0.397,0.139,-0.484,0.079
1916,10,-0.38,0.117,-0.5,0.08
1916,11,-0.516,0.122,-0.52,0.081
1916,12,-0.799,0.111,-0.529,0.081
1917,1,-0.667,0.12,-0.525,0.081
1917,2,-0.664,0.116,-0.521,0.081
1917,3,-0.687,0.11,-0.518,0.082
1917,4,-0.52,0.133,-0.528,0.083
1917,5,-0.557,0.137,-0.524,0.083
1917,6,-0.477,0.125,-0.519,0.083
1917,7,-0.277,0.164,-0.507,0.083
1917,8,-0.307,0.17,-0.494,0.082
1917,9,-0.361,0.141,-0.473,0.082
1917,10,-0.497,0.12,-0.472,0.081
1917,11,-0.475,0.113,-0.465,0.082
1917,12,-0.734,0.108,-0.456,0.081
1918,1,-0.524,0.118,-0.462,0.082
1918,2,-0.515,0.106,-0.469,0.082
1918,3,-0.428,0.11,-0.456,0.082
1918,4,-0.514,0.129,-0.417,0.083
1918,5,-0.468,0.142,-0.394,0.084
1918,6,-0.366,0.133,-0.357,0.085
1918,7,-0.354,0.163,-0.33,0.085
1918,8,-0.392,0.17,-0.306,0.086
1918,9,-0.209,0.142,-0.294,0.087
1918,10,-0.029,0.12,-0.259,0.088
1918,11,-0.198,0.117,-0.239,0.088
1918,12,-0.286,0.118,-0.236,0.089
1919,1,-0.203,0.124,-0.232,0.089
1919,2,-0.226,0.124,-0.223,0.09
1919,3,-0.277,0.123,-0.235,0.09
1919,4,-0.105,0.133,-0.256,0.089
1919,5,-0.226,0.139,-0.285,0.089
1919,6,-0.321,0.136,-0.295,0.089
1919,7,-0.316,0.163,-0.293,0.087
1919,8,-0.28,0.173,-0.301,0.085
1919,9,-0.351,0.141,-0.287,0.084
1919,10,-0.278,0.119,-0.292,0.083
1919,11,-0.555,0.117,-0.293,0.084
1919,12,-0.406,0.113,-0.287,0.084
1920,1,-0.171,0.112,-0.282,0.084
1920,2,-0.329,0.105,-0.278,0.084
1920,3,-0.101,0.106,-0.266,0.083
1920,4,-0.176,0.129,-0.254,0.083
1920,5,-0.233,0.141,-0.231,0.082
1920,6,-0.246,0.124,-0.237,0.082
1920,7,-0.253,0.163,-0.233,0.082
1920,8,-0.235,0.168,-0.222,0.083
1920,9,-0.206,0.138,-0.239,0.084
1920,10,-0.137,0.116,-0.247,0.083
1920,11,-0.276,0.11,-0.253,0.082
1920,12,-0.483,0.111,-0.245,0.082
1921,1,-0.124,0.11,-0.235,0.082
1921,2,-0.198,0.114,-0.239,0.082
1921,3,-0.298,0.11,-0.235,0.082
1921,4,-0.275,0.127,-0.226,0.083
1921,5,-0.305,0.136,-0.213,0.083
1921,6,-0.144,0.135,-0.183,0.083
1921,7,-0.141,0.164,-0.195,0.082
1921,8,-0.275,0.166,-0.212,0.082
1921,9,-0.16,0.137,-0.198,0.081
1921,10,-0.034,0.121,-0.185,0.081
1921,11,-0.125,0.11,-0.19,0.081
1921,12,-0.116,0.112,-0.199,0.08
1922,1,-0.27,0.111,-0.206,0.079
1922,2,-0.397,0.107,-0.213,0.079
1922,3,-0.137,0.105,-0.23,0.079
1922,4,-0.117,0.122,-0.256,0.079
1922,5,-0.361,0.135,-0.265,0.079
1922,6,-0.258,0.121,-0.269,0.079
1922,7,-0.215,0.157,-0.271,0.078
1922,8,-0.36,0.166,-0.271,0.079
1922,9,-0.37,0.135,-0.291,0.079
1922,10,-0.341,0.122,-0.305,0.079
1922,11,-0.24,0.112,-0.298,0.079
1922,12,-0.161,0.109,-0.295,0.079
1923,1,-0.298,0.104,-0.307,0.079
1923,2,-0.396,0.106,-0.303,0.079
1923,3,-0.379,0.105,-0.301,0.08
1923,4,-0.282,0.129,-0.274,0.079
1923,5,-0.28,0.138,-0.251,0.079
1923,6,-0.212,0.121,-0.236,0.08
1923,7,-0.365,0.16,-0.232,0.08
1923,8,-0.316,0.162,-0.219,0.08
1923,9,-0.34,0.136,-0.192,0.081
1923,10,-0.024,0.112,-0.19,0.081
1923,11,0.041,0.108,-0.179,0.082
1923,12,0.019,0.109,-0.18,0.082
1924,1,-0.255,0.123,-0.17,0.081
1924,2,-0.237,0.109,-0.169,0.081
1924,3,-0.055,0.11,-0.168,0.081
1924,4,-0.26,0.122,-0.192,0.082
1924,5,-0.147,0.138,-0.213,0.082
1924,6,-0.224,0.124,-0.244,0.082
1924,7,-0.248,0.159,-0.257,0.082
1924,8,-0.304,0.163,-0.276,0.081
1924,9,-0.326,0.14,-0.293,0.081
1924,10,-0.313,0.115,-0.291,0.081
1924,11,-0.21,0.112,-0.292,0.081
1924,12,-0.349,0.113,-0.295,0.081
1925,1,-0.418,0.107,-0.297,0.082
1925,2,-0.456,0.104,-0.284,0.081
1925,3,-0.266,0.106,-0.274,0.081
1925,4,-0.239,0.122,-0.259,0.081
1925,5,-0.159,0.137,-0.243,0.081
1925,6,-0.256,0.125,-0.199,0.081
1925,7,-0.274,0.16,-0.145,0.081
1925,8,-0.149,0.163,-0.108,0.08
1925,9,-0.203,0.138,-0.075,0.08
1925,10,-0.132,0.118,-0.062,0.081
1925,11,-0.013,0.11,-0.064,0.081
1925,12,0.17,0.107,-0.058,0.081
1926,1,0.231,0.102,-0.054,0.081
1926,2,-0.008,0.103,-0.05,0.082
1926,3,0.127,0.103,-0.041,0.081
1926,4,-0.077,0.125,-0.027,0.081
1926,5,-0.186,0.136,-0.029,0.081
1926,6,-0.186,0.127,-0.061,0.081
1926,7,-0.219,0.162,-0.099,0.082
1926,8,-0.103,0.166,-0.112,0.082
1926,9,-0.097,0.135,-0.154,0.082
1926,10,0.037,0.113,-0.166,0.081
1926,11,-0.037,0.112,-0.165,0.081
1926,12,-0.211,0.11,-0.17,0.081
1927,1,-0.233,0.112,-0.167,0.08
1927,2,-0.16,0.105,-0.172,0.08
1927,3,-0.372,0.102,-0.172,0.08
1927,4,-0.231,0.123,-0.169,0.081
1927,5,-0.163,0.136,-0.17,0.08
1927,6,-0.247,0.123,-0.173,0.081
1927,7,-0.19,0.157,-0.143,0.081
1927,8,-0.16,0.164,-0.13,0.081
1927,9,-0.103,0.136,-0.117,0.082
1927,10,0.084,0.116,-0.113,0.081
1927,11,-0.049,0.106,-0.123,0.082
1927,12,-0.247,0.11,-0.132,0.082
1928,1,0.123,0.109,-0.132,0.082
1928,2,-0.009,0.108,-0.137,0.081
1928,3,-0.217,0.111,-0.149,0.081
1928,4,-0.184,0.122,-0.167,0.081
1928,5,-0.28,0.137,-0.173,0.082
1928,6,-0.358,0.122,-0.164,0.082
1928,7,-0.185,0.158,-0.207,0.081
1928,8,-0.217,0.163,-0.249,0.081
1928,9,-0.25,0.134,-0.264,0.081
1928,10,-0.128,0.114,-0.279,0.081
1928,11,-0.12,0.11,-0.29,0.081
1928,12,-0.138,0.109,-0.295,0.08
1929,1,-0.396,0.104,-0.314,0.08
1929,2,-0.516,0.105,-0.319,0.081
1929,3,-0.395,0.102,-0.319,0.081
1929,4,-0.366,0.121,-0.318,0.081
1929,5,-0.415,0.138,-0.319,0.081
1929,6,-0.413,0.125,-0.347,0.081
1929,7,-0.417,0.158,-0.332,0.082
1929,8,-0.277,0.164,-0.311,0.082
1929,9,-0.253,0.144,-0.286,0.082
1929,10,-0.112,0.118,-0.271,0.082
1929,11,-0.13,0.116,-0.253,0.081
1929,12,-0.48,0.105,-0.235,0.081
1930,1,-0.21,0.111,-0.212,0.081
1930,2,-0.263,0.112,-0.197,0.082
1930,3,-0.103,0.108,-0.186,0.082
1930,4,-0.185,0.121,-0.181,0.082
1930,5,-0.199,0.134,-0.158,0.082
1930,6,-0.194,0.124,-0.119,0.083
1930,7,-0.132,0.16,-0.108,0.083
1930,8,-0.105,0.168,-0.103,0.083
1930,9,-0.118,0.139,-0.101,0.084
1930,10,-0.048,0.119,-0.098,0.085
1930,11,0.136,0.119,-0.096,0.085
1930,12,-0.004,0.11,-0.083,0.085
1931,1,-0.078,0.109,-0.073,0.085
1931,2,-0.21,0.102,-0.064,0.084
1931,3,-0.07,0.1,-0.057,0.084
1931,4,-0.151,0.124,-0.046,0.083
1931,5,-0.177,0.137,-0.059,0.083
1931,6,-0.045,0.123,-0.058,0.083
1931,7,-0.001,0.158,-0.041,0.082
1931,8,0.002,0.163,-0.037,0.082
1931,9,-0.043,0.138,-0.039,0.082
1931,10,0.094,0.119,-0.022,0.082
1931,11,-0.028,0.116,-0.011,0.082
1931,12,0.011,0.107,-0.024,0.081
1932,1,0.122,0.1,-0.038,0.08
1932,2,-0.16,0.104,-0.054,0.08
1932,3,-0.093,0.103,-0.05,0.08
1932,4,0.059,0.119,-0.06,0.079
1932,5,-0.049,0.131,-0.082,0.078
1932,6,-0.205,0.119,-0.096,0.077
1932,7,-0.16,0.159,-0.126,0.077
1932,8,-0.191,0.162,-0.134,0.077
1932,9,0.005,0.133,-0.152,0.076
1932,10,-0.025,0.11,-0.179,0.076
1932,11,-0.293,0.105,-0.199,0.077
1932,12,-0.164,0.103,-0.213,0.077
1933,1,-0.234,0.103,-0.222,0.077
1933,2,-0.262,0.102,-0.223,0.078
1933,3,-0.307,0.1,-0.251,0.078
1933,4,-0.26,0.12,-0.268,0.078
1933,5,-0.288,0.134,-0.273,0.078
1933,6,-0.372,0.125,-0.293,0.079
1933,7,-0.273,0.158,-0.293,0.078
1933,8,-0.197,0.167,-0.278,0.078
1933,9,-0.341,0.137,-0.283,0.078
1933,10,-0.219,0.114,-0.288,0.078
1933,11,-0.359,0.104,-0.275,0.078
1933,12,-0.402,0.104,-0.257,0.078
1934,1,-0.239,0.097,-0.246,0.078
1934,2,-0.074,0.099,-0.24,0.078
1934,3,-0.37,0.103,-0.226,0.077
1934,4,-0.323,0.121,-0.21,0.078
1934,5,-0.134,0.132,-0.175,0.078
1934,6,-0.153,0.12,-0.144,0.077
1934,7,-0.137,0.16,-0.153,0.078
1934,8,-0.13,0.164,-0.14,0.078
1934,9,-0.175,0.133,-0.122,0.078
1934,10,-0.029,0.114,-0.12,0.078
1934,11,0.064,0.105,-0.136,0.078
1934,12,-0.025,0.103,-0.141,0.078
1935,1,-0.351,0.099,-0.146,0.078
1935,2,0.083,0.096,-0.152,0.078
1935,3,-0.157,0.108,-0.157,0.078
1935,4,-0.301,0.119,-0.156,0.078
1935,5,-0.322,0.134,-0.193,0.078
1935,6,-0.213,0.124,-0.206,0.079
1935,7,-0.194,0.159,-0.199,0.078
1935,8,-0.209,0.161,-0.232,0.078
1935,9,-0.225,0.134,-0.245,0.078
1935,10,-0.026,0.111,-0.234,0.078
1935,11,-0.378,0.109,-0.221,0.078
1935,12,-0.175,0.109,-0.215,0.078
1936,1,-0.273,0.092,-0.205,0.078
1936,2,-0.313,0.098,-0.196,0.078
1936,3,-0.308,0.107,-0.188,0.077
1936,4,-0.174,0.118,-0.181,0.077
1936,5,-0.159,0.135,-0.155,0.076
1936,6,-0.149,0.119,-0.137,0.076
1936,7,-0.068,0.158,-0.118,0.076
1936,8,-0.108,0.161,-0.085,0.076
1936,9,-0.121,0.132,-0.072,0.076
1936,10,0.053,0.111,-0.064,0.075
1936,11,-0.06,0.104,-0.054,0.075
1936,12,0.04,0.101,-0.039,0.076
1937,1,-0.051,0.097,-0.032,0.076
1937,2,0.083,0.099,-0.018,0.076
1937,3,-0.145,0.102,0.002,0.077
1937,4,-0.086,0.115,0.011,0.077
1937,5,-0.031,0.133,0.024,0.078
1937,6,0.022,0.125,0.02,0.078
1937,7,0.026,0.159,0.032,0.079
1937,8,0.051,0.163,0.031,0.078
1937,9,0.129,0.135,0.05,0.077
1937,10,0.16,0.113,0.062,0.078
1937,11,0.09,0.11,0.057,0.078
1937,12,-0.013,0.106,0.045,0.078
1938,1,0.093,0.098,0.038,0.077
1938,2,0.079,0.097,0.032,0.077
1938,3,0.08,0.096,0.026,0.077
1938,4,0.061,0.122,0.031,0.077
1938,5,-0.09,0.134,0.03,0.076
1938,6,-0.125,0.122,0.022,0.076
1938,7,-0.064,0.156,0.012,0.076
1938,8,-0.015,0.161,-0.001,0.077
1938,9,0.05,0.134,-0.025,0.077
1938,10,0.225,0.111,-0.031,0.077
1938,11,0.076,0.104,-0.017,0.076
1938,12,-0.102,0.102,-0.004,0.076
1939,1,-0.029,0.099,-0.002,0.076
1939,2,-0.083,0.095,-0.003,0.076
1939,3,-0.207,0.099,-0.01,0.077
1939,4,-0.007,0.117,-0.035,0.078
1939,5,0.083,0.131,-0.045,0.08
1939,6,0.025,0.118,-0.001,0.081
1939,7,-0.038,0.155,0.008,0.082
1939,8,-0.03,0.168,0.025,0.083
1939,9,-0.035,0.143,0.048,0.084
1939,10,-0.066,0.128,0.06,0.086
1939,11,-0.053,0.124,0.057,0.087
1939,12,0.432,0.12,0.057,0.089
1940,1,0.074,0.107,0.071,0.09
1940,2,0.119,0.113,0.08,0.092
1940,3,0.077,0.112,0.089,0.092
1940,4,0.132,0.129,0.1,0.092
1940,5,0.048,0.142,0.1,0.092
1940,6,0.027,0.13,0.083,0.092
1940,7,0.129,0.165,0.077,0.09
1940,8,0.07,0.171,0.079,0.09
1940,9,0.083,0.144,0.068,0.093
1940,10,0.06,0.128,0.055,0.099
1940,11,-0.045,0.125,0.053,0.106
1940,12,0.225,0.117,0.055,0.115
1941,1,0.001,0.198,0.055,0.126
1941,2,0.139,0.2,0.048,0.137
1941,3,-0.059,0.2,0.025,0.149
1941,4,-0.021,0.212,0.039,0.162
1941,5,0.022,0.217,0.041,0.175
1941,6,0.055,0.207,0.039,0.189
1941,7,0.128,0.228,0.068,0.189
1941,8,-0.008,0.234,0.058,0.189
1941,9,-0.199,0.217,0.069,0.189
1941,10,0.225,0.205,0.072,0.189
1941,11,-0.018,0.206,0.077,0.189
1941,12,0.201,0.205,0.076,0.189
1942,1,0.35,0.201,0.063,0.19
1942,2,0.016,0.202,0.058,0.19
1942,3,0.078,0.202,0.069,0.19
1942,4,0.013,0.209,0.052,0.19
1942,5,0.08,0.219,0.055,0.19
1942,6,0.041,0.208,0.047,0.191
1942,7,-0.023,0.23,0.015,0.191
1942,8,-0.068,0.238,0.024,0.191
1942,9,-0.069,0.221,0.014,0.191
1942,10,0.022,0.21,0.024,0.191
1942,11,0.014,0.206,0.025,0.191
1942,12,0.109,0.206,0.019,0.191
1943,1,-0.038,0.205,0.027,0.191
1943,2,0.131,0.203,0.041,0.191
1943,3,-0.045,0.203,0.048,0.19
1943,4,0.131,0.212,0.073,0.19
1943,5,0.089,0.218,0.087,0.19
1943,6,-0.028,0.209,0.1,0.19
1943,7,0.08,0.231,0.136,0.19
1943,8,0.098,0.235,0.146,0.19
1943,9,0.017,0.216,0.172,0.19
1943,10,0.321,0.205,0.176,0.19
1943,11,0.176,0.205,0.183,0.189
1943,12,0.271,0.205,0.194,0.19
1944,1,0.393,0.199,0.201,0.19
1944,2,0.251,0.202,0.211,0.19
1944,3,0.263,0.202,0.225,0.19
1944,4,0.179,0.211,0.222,0.191
1944,5,0.171,0.218,0.213,0.191
1944,6,0.105,0.21,0.202,0.192
1944,7,0.162,0.23,0.178,0.192
1944,8,0.217,0.237,0.156,0.192
1944,9,0.186,0.217,0.141,0.193
1944,10,0.286,0.209,0.144,0.193
1944,11,0.077,0.209,0.131,0.193
1944,12,0.133,0.208,0.123,0.193
1945,1,0.105,0.204,0.109,0.193
1945,2,-0.017,0.206,0.11,0.193
1945,3,0.087,0.205,0.103,0.193
1945,4,0.212,0.21,0.097,0.192
1945,5,0.014,0.22,0.091,0.191
1945,6,0.007,0.213,0.075,0.189
1945,7,-0.005,0.233,0.071,0.176
1945,8,0.23,0.237,0.069,0.163
1945,9,0.101,0.216,0.063,0.152
1945,10,0.219,0.2,0.052,0.141
1945,11,0.008,0.199,0.045,0.132
1945,12,-0.061,0.2,0.028,0.125
1946,1,0.058,0.152,0.022,0.119
1946,2,-0.048,0.146,-0.011,0.116
1946,3,0.025,0.145,-0.03,0.116
1946,4,0.072,0.154,-0.049,0.119
1946,5,-0.062,0.165,-0.056,0.123
1946,6,-0.2,0.153,-0.072,0.128
1946,7,-0.074,0.182,-0.076,0.127
1946,8,-0.165,0.189,-0.07,0.125
1946,9,-0.131,0.167,-0.062,0.125
1946,10,-0.016,0.154,-0.062,0.124
1946,11,-0.071,0.144,-0.062,0.124
1946,12,-0.252,0.14,-0.05,0.124
1947,1,0.006,0.141,-0.047,0.124
1947,2,0.025,0.133,-0.043,0.123
1947,3,0.119,0.134,-0.042,0.123
1947,4,0.074,0.151,-0.03,0.123
1947,5,-0.056,0.162,-0.018,0.123
1947,6,-0.054,0.155,-0.002,0.123
1947,7,-0.043,0.18,0.004,0.123
1947,8,-0.115,0.183,-0.011,0.123
1947,9,-0.114,0.163,-0.04,0.123
1947,10,0.12,0.148,-0.054,0.123
1947,11,0.07,0.146,-0.045,0.122
1947,12,-0.06,0.139,-0.038,0.122
1948,1,0.087,0.131,-0.043,0.121
1948,2,-0.164,0.132,-0.038,0.121
1948,3,-0.221,0.133,-0.042,0.12
1948,4,-0.094,0.146,-0.055,0.119
1948,5,0.049,0.155,-0.077,0.118
1948,6,0.03,0.148,-0.097,0.118
1948,7,-0.106,0.171,-0.096,0.116
1948,8,-0.057,0.17,-0.099,0.115
1948,9,-0.157,0.148,-0.088,0.113
1948,10,-0.035,0.138,-0.088,0.112
1948,11,-0.197,0.138,-0.099,0.11
1948,12,-0.296,0.131,-0.121,0.108
1949,1,0.089,0.119,-0.127,0.107
1949,2,-0.194,0.115,-0.131,0.105
1949,3,-0.084,0.115,-0.132,0.104
1949,4,-0.101,0.129,-0.131,0.102
1949,5,-0.081,0.142,-0.125,0.1
1949,6,-0.24,0.131,-0.105,0.098
1949,7,-0.168,0.156,-0.131,0.096
1949,8,-0.105,0.158,-0.142,0.095
1949,9,-0.167,0.134,-0.145,0.094
1949,10,-0.023,0.115,-0.153,0.093
1949,11,-0.126,0.111,-0.152,0.091
1949,12,-0.06,0.109,-0.134,0.09
1950,1,-0.218,0.107,-0.122,0.089
1950,2,-0.329,0.1,-0.128,0.087
1950,3,-0.118,0.096,-0.13,0.086
1950,4,-0.204,0.113,-0.142,0.085
1950,5,-0.067,0.121,-0.16,0.084
1950,6,-0.018,0.113,-0.17,0.082
1950,7,-0.023,0.134,-0.18,0.081
1950,8,-0.176,0.136,-0.186,0.08
1950,9,-0.197,0.116,-0.189,0.079
1950,10,-0.169,0.105,-0.174,0.078
1950,11,-0.339,0.1,-0.155,0.077
1950,12,-0.183,0.097,-0.142,0.076
1951,1,-0.333,0.088,-0.136,0.075
1951,2,-0.41,0.088,-0.106,0.074
1951,3,-0.147,0.084,-0.082,0.073
1951,4,-0.025,0.103,-0.05,0.073
1951,5,0.159,0.114,-0.022,0.072
1951,6,0.139,0.104,0.01,0.072
1951,7,0.043,0.129,0.054,0.072
1951,8,0.187,0.128,0.102,0.072
1951,9,0.096,0.108,0.108,0.072
1951,10,0.21,0.099,0.118,0.072
1951,11,0.004,0.092,0.11,0.073
1951,12,0.201,0.091,0.107,0.073
1952,1,0.194,0.086,0.113,0.074
1952,2,0.158,0.09,0.108,0.075
1952,3,-0.071,0.089,0.11,0.075
1952,4,0.093,0.116,0.098,0.075
1952,5,0.066,0.131,0.09,0.076
1952,6,0.099,0.117,0.081,0.076
1952,7,0.124,0.151,0.073,0.077
1952,8,0.117,0.151,0.076,0.077
1952,9,0.121,0.122,0.09,0.077
1952,10,0.071,0.105,0.109,0.077
1952,11,-0.089,0.104,0.125,0.077
1952,12,0.087,0.098,0.138,0.078
1953,1,0.1,0.094,0.138,0.078
1953,2,0.195,0.094,0.141,0.078
1953,3,0.102,0.095,0.141,0.078
1953,4,0.312,0.116,0.145,0.078
1953,5,0.256,0.133,0.152,0.078
1953,6,0.255,0.122,0.157,0.078
1953,7,0.134,0.151,0.131,0.078
1953,8,0.15,0.152,0.11,0.078
1953,9,0.118,0.125,0.093,0.078
1953,10,0.126,0.103,0.067,0.078
1953,11,-0.005,0.102,0.044,0.077
1953,12,0.141,0.099,0.019,0.077
1954,1,-0.207,0.092,-0.001,0.076
1954,2,-0.063,0.094,-0.019,0.076
1954,3,-0.095,0.091,-0.036,0.075
1954,4,-0.004,0.11,-0.038,0.075
1954,5,-0.026,0.115,-0.024,0.075
1954,6,-0.039,0.109,-0.041,0.074
1954,7,-0.108,0.127,-0.006,0.074
1954,8,-0.071,0.127,-0.012,0.074
1954,9,-0.077,0.111,-0.027,0.074
1954,10,0.095,0.095,-0.038,0.074
1954,11,0.162,0.091,-0.051,0.074
1954,12,-0.066,0.093,-0.052,0.073
1955,1,0.215,0.083,-0.051,0.073
1955,2,-0.132,0.085,-0.034,0.073
1955,3,-0.27,0.081,-0.041,0.073
1955,4,-0.139,0.097,-0.048,0.072
1955,5,-0.18,0.11,-0.081,0.072
1955,6,-0.049,0.099,-0.095,0.072
1955,7,-0.098,0.115,-0.119,0.071
1955,8,0.135,0.115,-0.121,0.071
1955,9,-0.163,0.095,-0.117,0.07
1955,10,0.01,0.083,-0.125,0.069
1955,11,-0.24,0.085,-0.131,0.069
1955,12,-0.231,0.086,-0.138,0.069
1956,1,-0.071,0.074,-0.138,0.068
1956,2,-0.155,0.073,-0.174,0.068
1956,3,-0.226,0.074,-0.179,0.068
1956,4,-0.228,0.077,-0.203,0.067
1956,5,-0.261,0.09,-0.197,0.067
1956,6,-0.13,0.085,-0.178,0.066
1956,7,-0.098,0.085,-0.182,0.066
1956,8,-0.295,0.081,-0.172,0.066
1956,9,-0.221,0.074,-0.162,0.066
1956,10,-0.277,0.073,-0.139,0.066
1956,11,-0.173,0.072,-0.106,0.065
1956,12,-0.004,0.067,-0.079,0.065
1957,1,-0.116,0.075,-0.072,0.065
1957,2,-0.039,0.067,-0.035,0.064
1957,3,-0.097,0.065,-0.01,0.064
1957,4,0.043,0.068,0.022,0.064
1957,5,0.134,0.075,0.041,0.065
1957,6,0.197,0.077,0.054,0.064
1957,7,-0.019,0.116,0.093,0.064
1957,8,0.151,0.073,0.113,0.063
1957,9,0.083,0.096,0.129,0.063
1957,10,0.098,0.082,0.127,0.063
1957,11,0.058,0.089,0.122,0.063
1957,12,0.148,0.062,0.101,0.062
1958,1,0.363,0.068,0.101,0.06
1958,2,0.191,0.074,0.083,0.061
1958,3,0.104,0.063,0.067,0.061
1958,4,0.021,0.079,0.063,0.061
1958,5,0.072,0.075,0.063,0.061
1958,6,-0.063,0.073,0.058,0.061
1958,7,-0.009,0.095,0.037,0.061
1958,8,-0.065,0.079,0.025,0.062
1958,9,-0.114,0.076,0.027,0.061
1958,10,0.047,0.069,0.041,0.061
1958,11,0.056,0.079,0.043,0.061
1958,12,0.091,0.077,0.056,0.061
1959,1,0.116,0.076,0.059,0.061
1959,2,0.042,0.071,0.065,0.061
1959,3,0.131,0.072,0.065,0.061
1959,4,0.187,0.067,0.06,0.061
1959,5,0.098,0.073,0.044,0.061
1959,6,0.087,0.074,0.039,0.061
1959,7,0.032,0.083,0.029,0.06
1959,8,0.002,0.072,0.035,0.06
1959,9,-0.107,0.081,-0.004,0.06
1959,10,-0.014,0.066,-0.032,0.06
1959,11,-0.132,0.068,-0.046,0.06
1959,12,0.025,0.072,-0.053,0.061
1960,1,0.001,0.072,-0.06,0.059
1960,2,0.112,0.077,-0.053,0.061
1960,3,-0.341,0.065,-0.038,0.06
1960,4,-0.15,0.068,-0.032,0.059
1960,5,-0.062,0.081,-0.034,0.059
1960,6,-0.007,0.083,-0.018,0.059
1960,7,-0.045,0.066,-0.013,0.058
1960,8,0.088,0.077,-0.008,0.057
1960,9,0.064,0.066,0.023,0.056
1960,10,0.068,0.066,0.048,0.055
1960,11,-0.164,0.064,0.067,0.055
1960,12,0.224,0.058,0.079,0.052
1961,1,0.062,0.054,0.084,0.052
1961,2,0.173,0.053,0.079,0.05
1961,3,0.027,0.06,0.078,0.05
1961,4,0.147,0.069,0.069,0.048
1961,5,0.17,0.068,0.084,0.048
1961,6,0.129,0.079,0.056,0.047
1961,7,0.024,0.061,0.056,0.046
1961,8,0.02,0.071,0.051,0.046
1961,9,0.052,0.066,0.059,0.046
1961,10,-0.038,0.061,0.05,0.047
1961,11,0.02,0.047,0.026,0.047
1961,12,-0.118,0.051,0.017,0.046
1962,1,0.066,0.054,0.009,0.046
1962,2,0.116,0.054,0.003,0.045
1962,3,0.114,0.051,-0.009,0.045
1962,4,0.044,0.05,-0.009,0.046
1962,5,-0.115,0.056,-0.01,0.047
1962,6,0.015,0.098,0.001,0.046
1962,7,-0.065,0.057,-0.005,0.046
1962,8,-0.059,0.061,-0.005,0.046
1962,9,-0.09,0.091,-0.034,0.045
1962,10,-0.032,0.076,-0.044,0.044
1962,11,0.011,0.053,-0.042,0.044
1962,12,0.011,0.059,-0.045,0.044
1963,1,-0.008,0.058,-0.033,0.044
1963,2,0.114,0.053,-0.007,0.045
1963,3,-0.231,0.049,0.015,0.047
1963,4,-0.075,0.083,0.03,0.048
1963,5,-0.094,0.061,0.038,0.048
1963,6,-0.022,0.07,0.041,0.048
1963,7,0.074,0.066,0.035,0.049
1963,8,0.259,0.062,0.016,0.048
1963,9,0.179,0.088,0.01,0.048
1963,10,0.138,0.057,-0.012,0.047
1963,11,0.112,0.062,-0.028,0.047
1963,12,0.043,0.058,-0.03,0.047
1964,1,-0.07,0.065,-0.043,0.046
1964,2,-0.119,0.053,-0.088,0.047
1964,3,-0.302,0.049,-0.131,0.045
1964,4,-0.345,0.075,-0.166,0.044
1964,5,-0.283,0.051,-0.196,0.043
1964,6,-0.039,0.058,-0.219,0.043
1964,7,-0.091,0.057,-0.215,0.043
1964,8,-0.278,0.145,-0.219,0.043
1964,9,-0.34,0.065,-0.21,0.043
1964,10,-0.28,0.051,-0.197,0.043
1964,11,-0.25,0.05,-0.18,0.044
1964,12,-0.231,0.049,-0.185,0.047
1965,1,-0.025,0.051,-0.19,0.045
1965,2,-0.166,0.053,-0.171,0.043
1965,3,-0.187,0.063,-0.159,0.043
1965,4,-0.195,0.048,-0.137,0.043
1965,5,-0.083,0.106,-0.121,0.044
1965,6,-0.092,0.095,-0.102,0.044
1965,7,-0.149,0.11,-0.112,0.044
1965,8,-0.057,0.056,-0.101,0.044
1965,9,-0.198,0.074,-0.091,0.046
1965,10,-0.008,0.06,-0.077,0.047
1965,11,-0.063,0.088,-0.078,0.05
1965,12,0.001,0.061,-0.07,0.057
1966,1,-0.149,0.053,-0.049,0.054
1966,2,-0.034,0.061,-0.047,0.055
1966,3,-0.062,0.059,-0.03,0.053
1966,4,-0.026,0.05,-0.042,0.051
1966,5,-0.099,0.061,-0.039,0.048
1966,6,0.006,0.084,-0.039,0.047
1966,7,0.103,0.068,-0.033,0.047
1966,8,-0.036,0.061,-0.05,0.047
1966,9,0.003,0.058,-0.041,0.046
1966,10,-0.15,0.069,-0.039,0.045
1966,11,-0.023,0.05,-0.013,0.045
1966,12,-0.002,0.051,-0.014,0.044
1967,1,-0.081,0.054,-0.02,0.044
1967,2,-0.227,0.062,-0.016,0.044
1967,3,0.039,0.047,-0.019,0.043
1967,4,0.003,0.051,-0.002,0.042
1967,5,0.208,0.068,-0.008,0.041
1967,6,0.001,0.058,-0.009,0.041
1967,7,0.031,0.065,-0.019,0.041
1967,8,0.005,0.076,-0.012,0.04
1967,9,-0.037,0.054,-0.006,0.04
1967,10,0.056,0.046,-0.01,0.039
1967,11,-0.095,0.048,-0.038,0.038
1967,12,-0.016,0.047,-0.043,0.037
1968,1,-0.191,0.052,-0.06,0.037
1968,2,-0.147,0.056,-0.069,0.037
1968,3,0.112,0.043,-0.085,0.037
1968,4,-0.051,0.075,-0.082,0.038
1968,5,-0.119,0.06,-0.08,0.038
1968,6,-0.063,0.049,-0.083,0.038
1968,7,-0.173,0.054,-0.069,0.039
1968,8,-0.109,0.051,-0.065,0.04
1968,9,-0.228,0.061,-0.078,0.039
1968,10,0.092,0.097,-0.059,0.039
1968,11,-0.068,0.05,-0.03,0.038
1968,12,-0.048,0.041,-0.014,0.039
1969,1,-0.025,0.044,-0.006,0.04
1969,2,-0.105,0.043,0.003,0.039
1969,3,-0.033,0.056,0.026,0.036
1969,4,0.17,0.05,0.025,0.035
1969,5,0.232,0.05,0.038,0.034
1969,6,0.121,0.075,0.066,0.034
1969,7,-0.078,0.046,0.081,0.034
1969,8,0.011,0.044,0.104,0.034
1969,9,0.038,0.054,0.108,0.033
1969,10,0.085,0.061,0.098,0.033
1969,11,0.085,0.055,0.079,0.033
1969,12,0.292,0.057,0.066,0.033
1970,1,0.153,0.039,0.071,0.032
1970,2,0.174,0.039,0.062,0.032
1970,3,0.014,0.051,0.066,0.031
1970,4,0.054,0.051,0.06,0.031
1970,5,-0.003,0.038,0.048,0.03
1970,6,-0.036,0.038,0.015,0.029
1970,7,-0.016,0.052,-0.002,0.029
1970,8,-0.098,0.047,-0.033,0.028
1970,9,0.085,0.041,-0.054,0.028
1970,10,0.01,0.047,-0.066,0.028
1970,11,-0.06,0.053,-0.071,0.028
1970,12,-0.103,0.036,-0.078,0.028
1971,1,-0.048,0.035,-0.085,0.028
1971,2,-0.197,0.036,-0.082,0.028
1971,3,-0.24,0.043,-0.093,0.028
1971,4,-0.081,0.045,-0.098,0.028
1971,5,-0.069,0.051,-0.101,0.028
1971,6,-0.12,0.041,-0.101,0.028
1971,7,-0.095,0.049,-0.118,0.028
1971,8,-0.071,0.049,-0.118,0.027
1971,9,-0.044,0.057,-0.099,0.027
1971,10,-0.052,0.041,-0.092,0.027
1971,11,-0.086,0.039,-0.081,0.028
1971,12,-0.114,0.037,-0.067,0.028
1972,1,-0.25,0.046,-0.061,0.028
1972,2,-0.199,0.035,-0.04,0.028
1972,3,-0.013,0.061,-0.034,0.029
1972,4,0.01,0.039,-0.028,0.029
1972,5,0.058,0.044,-0.021,0.029
1972,6,0.051,0.06,0.008,0.029
1972,7,-0.021,0.06,0.05,0.029
1972,8,0.181,0.064,0.089,0.029
1972,9,0.022,0.068,0.105,0.03
1972,10,0.019,0.066,0.129,0.03
1972,11,0,0.041,0.146,0.03
1972,12,0.237,0.036,0.158,0.03
1973,1,0.251,0.042,0.165,0.03
1973,2,0.27,0.039,0.154,0.029
1973,3,0.183,0.035,0.154,0.03
1973,4,0.297,0.052,0.159,0.03
1973,5,0.264,0.039,0.16,0.03
1973,6,0.188,0.042,0.141,0.03
1973,7,0.066,0.051,0.107,0.03
1973,8,0.05,0.071,0.059,0.03
1973,9,0.027,0.056,0.033,0.031
1973,10,0.078,0.051,0.002,0.033
1973,11,0.014,0.041,-0.022,0.035
1973,12,0,0.038,-0.037,0.034
1974,1,-0.155,0.041,-0.047,0.033
1974,2,-0.3,0.038,-0.037,0.034
1974,3,-0.133,0.055,-0.043,0.035
1974,4,-0.07,0.052,-0.053,0.035
1974,5,-0.026,0.054,-0.061,0.035
1974,6,0.001,0.045,-0.067,0.036
1974,7,-0.047,0.054,-0.05,0.037
1974,8,0.174,0.062,-0.014,0.038
1974,9,-0.051,0.068,0.008,0.036
1974,10,-0.044,0.046,0.022,0.035
1974,11,-0.078,0.042,0.042,0.035
1974,12,-0.078,0.062,0.046,0.035
1975,1,0.057,0.046,0.046,0.034
1975,2,0.132,0.047,0.016,0.035
1975,3,0.129,0.038,0.017,0.034
1975,4,0.1,0.048,0.014,0.034
1975,5,0.213,0.051,0.002,0.034
1975,6,0.04,0.073,0,0.034
1975,7,-0.042,0.06,-0.006,0.033
1975,8,-0.191,0.07,-0.024,0.034
1975,9,-0.039,0.051,-0.055,0.033
1975,10,-0.073,0.052,-0.07,0.033
1975,11,-0.22,0.042,-0.109,0.033
1975,12,-0.101,0.04,-0.126,0.032
1976,1,-0.017,0.051,-0.126,0.034
1976,2,-0.091,0.039,-0.122,0.037
1976,3,-0.242,0.043,-0.121,0.038
1976,4,-0.075,0.046,-0.131,0.038
1976,5,-0.253,0.058,-0.115,0.038
1976,6,-0.168,0.057,-0.093,0.039
1976,7,-0.044,0.117,-0.064,0.039
1976,8,-0.138,0.105,-0.036,0.04
1976,9,-0.033,0.049,0,0.041
1976,10,-0.191,0.058,0.032,0.039
1976,11,-0.034,0.045,0.086,0.042
1976,12,0.171,0.05,0.13,0.041
1977,1,0.329,0.049,0.153,0.037
1977,2,0.25,0.048,0.189,0.035
1977,3,0.19,0.045,0.199,0.034
1977,4,0.305,0.04,0.225,0.033
1977,5,0.392,0.083,0.243,0.033
1977,6,0.361,0.04,0.236,0.033
1977,7,0.239,0.044,0.221,0.033
1977,8,0.294,0.052,0.217,0.033
1977,9,0.084,0.045,0.217,0.032
1977,10,0.119,0.055,0.21,0.032
1977,11,0.187,0.043,0.192,0.031
1977,12,0.088,0.049,0.166,0.031
1978,1,0.149,0.05,0.154,0.031
1978,2,0.202,0.043,0.115,0.031
1978,3,0.187,0.041,0.118,0.031
1978,4,0.217,0.059,0.11,0.032
1978,5,0.184,0.04,0.107,0.032
1978,6,0.039,0.041,0.112,0.032
1978,7,0.099,0.056,0.116,0.032
1978,8,-0.169,0.051,0.095,0.031
1978,9,0.118,0.05,0.094,0.031
1978,10,0.014,0.046,0.096,0.03
1978,11,0.151,0.047,0.087,0.029
1978,12,0.149,0.047,0.093,0.029
1979,1,0.205,0.037,0.088,0.029
1979,2,-0.057,0.039,0.117,0.028
1979,3,0.18,0.045,0.131,0.028
1979,4,0.236,0.038,0.15,0.028
1979,5,0.077,0.032,0.16,0.029
1979,6,0.108,0.055,0.191,0.029
1979,7,0.049,0.044,0.207,0.028
1979,8,0.178,0.038,0.251,0.028
1979,9,0.281,0.041,0.267,0.026
1979,10,0.247,0.049,0.283,0.026
1979,11,0.271,0.037,0.312,0.028
1979,12,0.511,0.032,0.324,0.028
1980,1,0.399,0.043,0.35,0.032
1980,2,0.478,0.034,0.361,0.041
1980,3,0.365,0.055,0.356,0.045
1980,4,0.429,0.082,0.351,0.049
1980,5,0.433,0.061,0.351,0.049
1980,6,0.249,0.052,0.33,0.05
1980,7,0.363,0.099,0.347,0.05
1980,8,0.312,0.16,0.343,0.048
1980,9,0.209,0.062,0.35,0.047
1980,10,0.188,0.057,0.341,0.042
1980,11,0.281,0.043,0.328,0.036
1980,12,0.25,0.032,0.339,0.035
1981,1,0.602,0.043,0.341,0.031
1981,2,0.431,0.044,0.35,0.029
1981,3,0.448,0.048,0.352,0.029
1981,4,0.321,0.036,0.348,0.028
1981,5,0.282,0.06,0.341,0.028
1981,6,0.384,0.061,0.363,0.028
1981,7,0.388,0.052,0.325,0.028
1981,8,0.421,0.072,0.302,0.029
1981,9,0.226,0.069,0.263,0.029
1981,10,0.141,0.064,0.244,0.029
1981,11,0.2,0.041,0.237,0.031
1981,12,0.509,0.046,0.215,0.032
1982,1,0.145,0.041,0.195,0.033
1982,2,0.161,0.042,0.168,0.034
1982,3,-0.023,0.043,0.161,0.033
1982,4,0.094,0.052,0.16,0.034
1982,5,0.198,0.042,0.151,0.035
1982,6,0.118,0.049,0.145,0.035
1982,7,0.146,0.053,0.174,0.034
1982,8,0.095,0.048,0.198,0.034
1982,9,0.142,0.05,0.229,0.034
1982,10,0.131,0.044,0.249,0.034
1982,11,0.092,0.042,0.265,0.034
1982,12,0.439,0.045,0.276,0.034
1983,1,0.494,0.036,0.278,0.033
1983,2,0.449,0.044,0.301,0.033
1983,3,0.351,0.039,0.323,0.034
1983,4,0.333,0.039,0.325,0.035
1983,5,0.389,0.044,0.339,0.034
1983,6,0.245,0.048,0.323,0.034
1983,7,0.17,0.053,0.307,0.033
1983,8,0.372,0.05,0.281,0.033
1983,9,0.406,0.069,0.275,0.033
1983,10,0.162,0.053,0.261,0.033
1983,11,0.256,0.054,0.261,0.033
1983,12,0.243,0.045,0.25,0.035
1984,1,0.306,0.037,0.24,0.033
1984,2,0.143,0.043,0.223,0.032
1984,3,0.279,0.053,0.207,0.032
1984,4,0.167,0.069,0.203,0.033
1984,5,0.387,0.051,0.18,0.032
1984,6,0.105,0.08,0.158,0.032
1984,7,0.055,0.053,0.158,0.032
1984,8,0.166,0.045,0.151,0.032
1984,9,0.217,0.048,0.142,0.031
1984,10,0.111,0.054,0.141,0.03
1984,11,-0.015,0.04,0.126,0.03
1984,12,-0.024,0.04,0.133,0.03
1985,1,0.31,0.038,0.128,0.03
1985,2,0.054,0.035,0.131,0.03
1985,3,0.166,0.037,0.125,0.029
1985,4,0.162,0.042,0.127,0.03
1985,5,0.209,0.044,0.134,0.03
1985,6,0.185,0.062,0.155,0.029
1985,7,-0.005,0.058,0.15,0.028
1985,8,0.201,0.051,0.183,0.028
1985,9,0.151,0.052,0.19,0.029
1985,10,0.13,0.062,0.204,0.029
1985,11,0.069,0.042,0.21,0.029
1985,12,0.224,0.05,0.205,0.028
1986,1,0.259,0.057,0.216,0.028
1986,2,0.442,0.037,0.215,0.028
1986,3,0.258,0.038,0.21,0.028
1986,4,0.321,0.038,0.211,0.028
1986,5,0.284,0.05,0.212,0.028
1986,6,0.127,0.051,0.21,0.028
1986,7,0.121,0.043,0.219,0.029
1986,8,0.188,0.049,0.216,0.029
1986,9,0.093,0.057,0.212,0.029
1986,10,0.148,0.041,0.209,0.029
1986,11,0.08,0.036,0.212,0.028
1986,12,0.199,0.042,0.235,0.028
1987,1,0.369,0.043,0.262,0.027
1987,2,0.408,0.04,0.274,0.027
1987,3,0.21,0.037,0.296,0.028
1987,4,0.286,0.039,0.311,0.028
1987,5,0.319,0.038,0.322,0.028
1987,6,0.396,0.036,0.348,0.028
1987,7,0.45,0.038,0.366,0.029
1987,8,0.332,0.042,0.369,0.028
1987,9,0.353,0.051,0.39,0.028
1987,10,0.33,0.044,0.408,0.028
1987,11,0.207,0.037,0.419,0.028
1987,12,0.521,0.036,0.423,0.028
1988,1,0.58,0.034,0.413,0.029
1988,2,0.445,0.035,0.421,0.029
1988,3,0.457,0.043,0.425,0.029
1988,4,0.501,0.039,0.425,0.029
1988,5,0.452,0.057,0.413,0.029
1988,6,0.446,0.047,0.394,0.03
1988,7,0.337,0.044,0.353,0.03
1988,8,0.424,0.043,0.346,0.03
1988,9,0.398,0.035,0.333,0.031
1988,10,0.327,0.053,0.319,0.031
1988,11,0.062,0.039,0.292,0.031
1988,12,0.303,0.04,0.268,0.031
1989,1,0.088,0.041,0.268,0.031
1989,2,0.36,0.035,0.261,0.031
1989,3,0.297,0.042,0.257,0.032
1989,4,0.335,0.039,0.257,0.033
1989,5,0.126,0.045,0.264,0.032
1989,6,0.158,0.05,0.276,0.032
1989,7,0.335,0.055,0.306,0.032
1989,8,0.343,0.07,0.309,0.032
1989,9,0.354,0.058,0.346,0.032
1989,10,0.328,0.048,0.372,0.033
1989,11,0.139,0.043,0.408,0.032
1989,12,0.455,0.046,0.429,0.032
1990,1,0.443,0.04,0.44,0.032
1990,2,0.401,0.036,0.441,0.032
1990,3,0.734,0.049,0.438,0.033
1990,4,0.65,0.04,0.448,0.033
1990,5,0.558,0.037,0.468,0.031
1990,6,0.407,0.045,0.467,0.031
1990,7,0.474,0.064,0.468,0.03
1990,8,0.354,0.046,0.48,0.03
1990,9,0.315,0.067,0.451,0.03
1990,10,0.44,0.05,0.446,0.03
1990,11,0.39,0.072,0.436,0.03
1990,12,0.435,0.041,0.449,0.03
1991,1,0.462,0.039,0.453,0.03
1991,2,0.54,0.042,0.463,0.03
1991,3,0.387,0.046,0.475,0.03
1991,4,0.594,0.039,0.467,0.03
1991,5,0.441,0.04,0.459,0.029
1991,6,0.559,0.037,0.456,0.029
1991,7,0.524,0.063,0.461,0.03
1991,8,0.466,0.041,0.454,0.03
1991,9,0.461,0.05,0.46,0.031
1991,10,0.348,0.044,0.439,0.031
1991,11,0.294,0.049,0.431,0.031
1991,12,0.398,0.037,0.409,0.032
1992,1,0.522,0.045,0.378,0.031
1992,2,0.453,0.061,0.35,0.032
1992,3,0.459,0.058,0.311,0.033
1992,4,0.341,0.039,0.286,0.034
1992,5,0.351,0.037,0.262,0.034
1992,6,0.297,0.044,0.251,0.034
1992,7,0.143,0.038,0.243,0.034
1992,8,0.136,0.041,0.241,0.033
1992,9,-0.01,0.054,0.234,0.033
1992,10,0.048,0.053,0.236,0.033
1992,11,0.01,0.044,0.236,0.033
1992,12,0.265,0.07,0.237,0.033
1993,1,0.419,0.063,0.249,0.032
1993,2,0.44,0.042,0.255,0.033
1993,3,0.373,0.052,0.273,0.032
1993,4,0.357,0.034,0.293,0.032
1993,5,0.351,0.043,0.303,0.033
1993,6,0.315,0.042,0.301,0.031
1993,7,0.283,0.051,0.294,0.031
1993,8,0.21,0.041,0.267,0.03
1993,9,0.208,0.048,0.265,0.031
1993,10,0.289,0.044,0.272,0.031
1993,11,0.12,0.046,0.272,0.031
1993,12,0.25,0.046,0.284,0.031
1994,1,0.328,0.039,0.286,0.031
1994,2,0.114,0.048,0.288,0.031
1994,3,0.357,0.049,0.298,0.031
1994,4,0.433,0.042,0.312,0.031
1994,5,0.358,0.039,0.338,0.031
1994,6,0.456,0.039,0.351,0.031
1994,7,0.305,0.047,0.369,0.031
1994,8,0.24,0.055,0.425,0.032
1994,9,0.331,0.042,0.435,0.032
1994,10,0.453,0.044,0.446,0.033
1994,11,0.432,0.04,0.449,0.032
1994,12,0.411,0.035,0.454,0.031
1995,1,0.543,0.04,0.475,0.031
1995,2,0.786,0.039,0.501,0.03
1995,3,0.47,0.041,0.507,0.03
1995,4,0.573,0.038,0.512,0.03
1995,5,0.387,0.044,0.515,0.03
1995,6,0.521,0.046,0.509,0.03
1995,7,0.55,0.049,0.493,0.03
1995,8,0.555,0.043,0.478,0.029
1995,9,0.405,0.046,0.475,0.029
1995,10,0.514,0.045,0.466,0.029
1995,11,0.461,0.048,0.461,0.029
1995,12,0.348,0.04,0.44,0.028
1996,1,0.352,0.038,0.425,0.029
1996,2,0.598,0.045,0.422,0.029
1996,3,0.44,0.033,0.413,0.028
1996,4,0.457,0.036,0.387,0.029
1996,5,0.327,0.04,0.384,0.029
1996,6,0.271,0.035,0.396,0.029
1996,7,0.369,0.046,0.4,0.03
1996,8,0.528,0.048,0.386,0.03
1996,9,0.292,0.046,0.396,0.03
1996,10,0.204,0.046,0.399,0.031
1996,11,0.425,0.052,0.408,0.03
1996,12,0.489,0.04,0.437,0.03
1997,1,0.395,0.047,0.441,0.03
1997,2,0.438,0.041,0.436,0.031
1997,3,0.553,0.035,0.459,0.03
1997,4,0.494,0.046,0.501,0.029
1997,5,0.435,0.046,0.524,0.029
1997,6,0.623,0.043,0.54,0.03
1997,7,0.41,0.05,0.563,0.03
1997,8,0.47,0.045,0.602,0.03
1997,9,0.575,0.067,0.611,0.03
1997,10,0.705,0.049,0.637,0.031
1997,11,0.705,0.047,0.665,0.031
1997,12,0.674,0.042,0.68,0.032
1998,1,0.678,0.037,0.706,0.031
1998,2,0.897,0.038,0.731,0.031
1998,3,0.669,0.044,0.725,0.031
1998,4,0.804,0.039,0.708,0.031
1998,5,0.769,0.043,0.69,0.032
1998,6,0.8,0.06,0.689,0.032
1998,7,0.732,0.047,0.676,0.032
1998,8,0.764,0.048,0.66,0.031
1998,9,0.508,0.042,0.636,0.031
1998,10,0.49,0.049,0.604,0.031
1998,11,0.49,0.04,0.569,0.031
1998,12,0.665,0.038,0.539,0.031
1999,1,0.527,0.038,0.512,0.031
1999,2,0.698,0.047,0.479,0.031
1999,3,0.387,0.043,0.477,0.031
1999,4,0.412,0.04,0.469,0.031
1999,5,0.349,0.042,0.461,0.031
1999,6,0.442,0.049,0.447,0.03
1999,7,0.409,0.043,0.432,0.031
1999,8,0.375,0.046,0.424,0.031
1999,9,0.475,0.046,0.439,0.03
1999,10,0.396,0.064,0.457,0.03
1999,11,0.395,0.038,0.462,0.03
1999,12,0.499,0.041,0.463,0.03
2000,1,0.347,0.033,0.462,0.03
2000,2,0.602,0.038,0.472,0.03
2000,3,0.56,0.035,0.471,0.029
2000,4,0.633,0.038,0.462,0.029
2000,5,0.413,0.036,0.457,0.029
2000,6,0.45,0.041,0.446,0.029
2000,7,0.397,0.044,0.462,0.028
2000,8,0.494,0.042,0.455,0.029
2000,9,0.468,0.045,0.459,0.029
2000,10,0.281,0.041,0.457,0.028
2000,11,0.344,0.034,0.473,0.028
2000,12,0.369,0.032,0.483,0.028
2001,1,0.538,0.041,0.499,0.029
2001,2,0.514,0.045,0.499,0.029
2001,3,0.601,0.033,0.507,0.029
2001,4,0.611,0.036,0.527,0.028
2001,5,0.607,0.039,0.558,0.029
2001,6,0.572,0.041,0.584,0.029
2001,7,0.586,0.046,0.606,0.03
2001,8,0.499,0.041,0.625,0.029
2001,9,0.56,0.047,0.653,0.029
2001,10,0.518,0.044,0.659,0.029
2001,11,0.716,0.043,0.666,0.029
2001,12,0.691,0.041,0.667,0.029
2002,1,0.796,0.042,0.671,0.029
2002,2,0.744,0.038,0.678,0.028
2002,3,0.937,0.038,0.689,0.028
2002,4,0.681,0.041,0.698,0.028
2002,5,0.695,0.041,0.688,0.028
2002,6,0.586,0.045,0.68,0.028
2002,7,0.625,0.041,0.682,0.028
2002,8,0.584,0.037,0.673,0.027
2002,9,0.7,0.04,0.644,0.027
2002,10,0.626,0.046,0.64,0.027
2002,11,0.592,0.035,0.638,0.027
2002,12,0.591,0.036,0.631,0.027
2003,1,0.831,0.04,0.627,0.027
2003,2,0.628,0.035,0.635,0.027
2003,3,0.592,0.036,0.635,0.027
2003,4,0.635,0.034,0.646,0.027
2003,5,0.67,0.036,0.642,0.028
2003,6,0.504,0.04,0.661,0.028
2003,7,0.575,0.043,0.648,0.028
2003,8,0.679,0.043,0.658,0.028
2003,9,0.703,0.039,0.662,0.028
2003,10,0.757,0.049,0.667,0.029
2003,11,0.541,0.048,0.647,0.03
2003,12,0.817,0.041,0.642,0.029
2004,1,0.679,0.042,0.616,0.029
2004,2,0.743,0.034,0.601,0.028
2004,3,0.638,0.033,0.589,0.029
2004,4,0.697,0.042,0.58,0.028
2004,5,0.428,0.051,0.594,0.027
2004,6,0.449,0.043,0.573,0.028
2004,7,0.263,0.05,0.585,0.028
2004,8,0.499,0.036,0.581,0.028
2004,9,0.561,0.061,0.592,0.028
2004,10,0.647,0.039,0.596,0.028
2004,11,0.702,0.041,0.619,0.027
2004,12,0.572,0.041,0.64,0.027
2005,1,0.82,0.047,0.67,0.028
2005,2,0.695,0.038,0.684,0.028
2005,3,0.774,0.033,0.701,0.028
2005,4,0.746,0.042,0.716,0.028
2005,5,0.702,0.035,0.718,0.027
2005,6,0.703,0.039,0.736,0.027
2005,7,0.622,0.04,0.723,0.027
2005,8,0.664,0.036,0.736,0.027
2005,9,0.764,0.036,0.729,0.027
2005,10,0.824,0.045,0.718,0.026
2005,11,0.732,0.041,0.706,0.026
2005,12,0.788,0.037,0.704,0.026
2006,1,0.666,0.035,0.694,0.026
2006,2,0.841,0.042,0.702,0.026
2006,3,0.697,0.039,0.693,0.026
2006,4,0.61,0.041,0.684,0.026
2006,5,0.557,0.041,0.683,0.025
2006,6,0.681,0.034,0.689,0.025
2006,7,0.499,0.048,0.718,0.025
2006,8,0.766,0.041,0.714,0.025
2006,9,0.649,0.051,0.714,0.025
2006,10,0.715,0.04,0.736,0.025
2006,11,0.724,0.037,0.751,0.025
2006,12,0.861,0.033,0.746,0.025
2007,1,1.017,0.038,0.76,0.026
2007,2,0.791,0.042,0.752,0.026
2007,3,0.695,0.034,0.75,0.026
2007,4,0.881,0.037,0.745,0.026
2007,5,0.727,0.041,0.735,0.026
2007,6,0.632,0.036,0.708,0.026
2007,7,0.66,0.04,0.65,0.026
2007,8,0.665,0.037,0.616,0.026
2007,9,0.63,0.046,0.615,0.026
2007,10,0.651,0.057,0.592,0.026
2007,11,0.608,0.047,0.578,0.027
2007,12,0.537,0.047,0.569,0.028
2008,1,0.328,0.054,0.563,0.028
2008,2,0.378,0.032,0.549,0.029
2008,3,0.686,0.039,0.555,0.029
2008,4,0.597,0.034,0.56,0.029
2008,5,0.566,0.038,0.566,0.03
2008,6,0.522,0.043,0.572,0.03
2008,7,0.586,0.042,0.605,0.031
2008,8,0.505,0.039,0.624,0.031
2008,9,0.691,0.047,0.61,0.032
2008,10,0.718,0.06,0.615,0.033
2008,11,0.675,0.052,0.624,0.034
2008,12,0.608,0.035,0.639,0.034
2009,1,0.733,0.036,0.657,0.034
2009,2,0.603,0.043,0.678,0.035
2009,3,0.519,0.046,0.684,0.035
2009,4,0.655,0.04,0.684,0.034
2009,5,0.676,0.049,0.695,0.035
2009,6,0.7,0.047,0.711,0.036
2009,7,0.795,0.041,0.72,0.036
2009,8,0.762,0.042,0.747,0.036
2009,9,0.757,0.046,0.782,0.035
2009,10,0.727,0.05,0.809,0.035
2009,11,0.8,0.061,0.821,0.034
2009,12,0.799,0.048,0.821,0.033
2010,1,0.85,0.049,0.807,0.034
2010,2,0.929,0.035,0.803,0.034
2010,3,0.932,0.043,0.798,0.032
2010,4,0.981,0.034,0.801,0.032
2010,5,0.823,0.042,0.8,0.032
2010,6,0.701,0.042,0.782,0.031
2010,7,0.629,0.046,0.764,0.031
2010,8,0.713,0.045,0.736,0.031
2010,9,0.696,0.048,0.717,0.03
2010,10,0.756,0.043,0.695,0.03
2010,11,0.789,0.054,0.675,0.028
2010,12,0.586,0.047,0.674,0.028
2011,1,0.636,0.043,0.688,0.026
2011,2,0.591,0.043,0.698,0.027
2011,3,0.7,0.037,0.692,0.028
2011,4,0.717,0.03,0.686,0.028
2011,5,0.588,0.048,0.668,0.028
2011,6,0.683,0.035,0.674,0.029
2011,7,0.801,0.042,0.662,0.029
2011,8,0.838,0.058,0.658,0.028
2011,9,0.616,0.064,0.644,0.028
2011,10,0.685,0.051,0.649,0.028
2011,11,0.577,0.053,0.668,0.029
2011,12,0.652,0.055,0.671,0.028
2012,1,0.499,0.039,0.654,0.027
2012,2,0.541,0.039,0.648,0.026
2012,3,0.528,0.036,0.663,0.026
2012,4,0.781,0.044,0.678,0.026
2012,5,0.82,0.047,0.698,0.027
2012,6,0.711,0.043,0.695,0.026
2012,7,0.602,0.037,0.717,0.027
2012,8,0.763,0.04,0.723,0.027
2012,9,0.794,0.047,0.737,0.028
2012,10,0.865,0.06,0.724,0.027
2012,11,0.82,0.053,0.712,0.028
2012,12,0.622,0.059,0.71,0.028
2013,1,0.757,0.04,0.711,0.029
2013,2,0.618,0.06,0.709,0.029
2013,3,0.687,0.054,0.71,0.029
2013,4,0.628,0.039,0.697,0.028
2013,5,0.676,0.044,0.699,0.028
2013,6,0.69,0.042,0.709,0.028
2013,7,0.606,0.047,0.713,0.028
2013,8,0.748,0.045,0.711,0.028
2013,9,0.805,0.054,0.718,0.029
2013,10,0.711,0.052,0.737,0.029
2013,11,0.837,0.042,0.756,0.029
2013,12,0.744,0.058,0.756,0.029
2014,1,0.808,0.042,0.755,0.029
2014,2,0.594,0.04,0.77,0.029
2014,3,0.771,0.058,0.782,0.029
2014,4,0.858,0.039,0.795,0.029
2014,5,0.898,0.045,0.778,0.029
2014,6,0.689,0.053,0.786,0.028
2014,7,0.603,0.047,0.792,0.027
2014,8,0.92,0.043,0.819,0.027
2014,9,0.951,0.039,0.831,0.027
2014,10,0.863,0.041,0.831,0.027
2014,11,0.639,0.047,0.828,0.027
2014,12,0.839,0.057,0.84,0.027
2015,1,0.885,0.053,0.854,0.027
2015,2,0.913,0.042,0.852,0.028
2015,3,0.911,0.038,0.849,0.027
2015,4,0.864,0.043,0.87,0.027
2015,5,0.859,0.048,0.903,0.027
2015,6,0.836,0.035,0.934,0.026
2015,7,0.763,0.039,0.967,0.027
2015,8,0.899,0.043,1.003,0.028
2015,9,0.915,0.048,1.038,0.028
2015,10,1.116,0.042,1.063,0.028
2015,11,1.04,0.045,1.079,0.028
2015,12,1.211,0.039,1.08,0.028
2016,1,1.281,0.038,1.089,0.027
2016,2,1.346,0.038,1.103,0.028
2016,3,1.323,0.041,1.106,0.027
2016,4,1.173,0.048,1.094,0.027
2016,5,1.047,0.046,1.088,0.027
2016,6,0.849,0.043,1.07,0.026
2016,7,0.868,0.043,1.056,0.026
2016,8,1.067,0.042,1.042,0.026
2016,9,0.947,0.038,1.031,0.025
2016,10,0.974,0.043,1.02,0.026
2016,11,0.975,0.06,1.015,0.026
2016,12,0.988,0.049,1.006,0.025
2017,1,1.112,0.043,1.003,0.026
2017,2,1.18,0.037,0.992,0.026
2017,3,1.198,0.033,0.98,0.025
2017,4,1.037,0.039,0.977,0.025
2017,5,0.982,0.05,0.967,0.026
2017,6,0.741,0.052,0.968,0.026
2017,7,0.838,0.038,0.95,0.026
2017,8,0.928,0.037,0.93,0.027
2017,9,0.811,0.057,0.906,0.027
2017,10,0.931,0.058,0.901,0.028
2017,11,0.861,0.046,0.89,0.03
2017,12,0.998,0.036,0.895,0.031
2018,1,0.901,0.04,0.894,0.03
2018,2,0.929,0.044,0.888,0.031
2018,3,0.918,0.044,0.889,0.031
2018,4,0.973,0.037,0.897,0.032
2018,5,0.849,0.079,0.894,0.032
2018,6,0.807,0.071,0.894,0.031
2018,7,0.828,0.032,0.901,0.032
2018,8,0.847,0.062,0.906,0.031
2018,9,0.826,0.062,0.931,0.03
2018,10,1.028,0.066,0.942,0.03
2018,11,0.819,0.034,0.948,0.028
2018,12,1,0.036,0.956,0.026
2019,1,0.984,0.044,0.968,0.027
2019,2,0.997,0.042,0.984,0.026
2019,3,1.214,0.033,0.995,0.026
2019,4,1.106,0.036,1.004,0.026
2019,5,0.925,0.039,1.021,0.027
2019,6,0.902,0.039,1.036,0.029
2019,7,0.974,0.041,1.056,0.03
2019,8,1.033,0.038,1.076,0.031
2019,9,0.964,0.05,1.072,0.03
2019,10,1.13,0.053,1.081,0.03
2019,11,1.022,0.052,1.09,0.03
2019,12,1.179,0.049,1.091,0.03
2020,1,1.225,0.048,1.089,0.031
2020,2,1.236,0.043,1.085,0.031
2020,3,1.17,0.034,1.09,0.031
2020,4,1.213,0.047,1.074,0.031
2020,5,1.033,0.048,1.08,0.032
2020,6,0.915,0.05,1.056,0.033
2020,7,0.951,0.052,1.03,0.034
2020,8,0.984,0.036,0.986,0.035
2020,9,1.023,0.045,0.959,0.036
2020,10,0.942,0.057,0.93,0.035
2020,11,1.093,0.074,0.915,0.034
2020,12,0.881,0.049,0.909,0.032
2021,1,0.918,0.045,0.907,0.031
2021,2,0.705,0.042,0.902,0.03
2021,3,0.854,0.031,0.901,0.03
2021,4,0.861,0.031,0.912,0.029
2021,5,0.854,0.044,0.899,0.028
2021,6,0.844,0.039,0.901,0.028
2021,7,0.928,0.041,0.905,0.029
2021,8,0.925,0.041,0.921,0.029
2021,9,1.008,0.047,0.939,0.028
2021,10,1.069,0.047,0.943,0.029
2021,11,0.944,0.05,0.946,0.028
2021,12,0.904,0.05,0.956,0.029
2022,1,0.964,0.044,0.957,0.029
2022,2,0.898,0.042,0.963,0.029
2022,3,1.064,0.045,0.956,0.028
2022,4,0.917,0.052,0.954,0.029
2022,5,0.882,0.043,0.936,0.029
2022,6,0.966,0.038,0.939,0.028
2022,7,0.939,0.046,0.938,0.027
2022,8,1.001,0.037,0.946,0.027
2022,9,0.928,0.052,0.963,0.028
2022,10,1.039,0.049,0.976,0.028
2022,11,0.73,0.054,0.986,0.028
2022,12,0.943,0.042,1,0.028
2023,1,0.954,0.045,1.028,0.028
2023,2,0.993,0.039,1.057,0.029
2023,3,1.259,0.042,1.109,0.029
2023,4,1.074,0.04,1.139,0.03
2023,5,1.002,0.039,1.196,0.031
2023,6,1.144,0.044,1.238,0.031
2023,7,1.274,0.046,1.27,0.031
2023,8,1.34,0.048,1.306,0.031
2023,9,1.559,0.043,1.314,0.031
2023,10,1.4,0.06,1.336,0.03
2023,11,1.412,0.062,1.353,0.03
2023,12,1.448,0.052,NaN,NaN
2024,1,1.334,0.053,NaN,NaN
2024,2,1.427,0.04,NaN,NaN
2024,3,1.354,0.055,NaN,NaN
2024,4,1.337,0.066,NaN,NaN
2024,5,1.208,0.037,NaN,NaN
